Table-1 
CREATE TABLE Worker (
	WORKER_ID INT NOT NULL PRIMARY KEY AUTO_INCREMENT,
	FIRST_NAME CHAR(25),
	LAST_NAME CHAR(25),
	SALARY INT(15),
	JOINING_DATE DATETIME,
	DEPARTMENT CHAR(25)
);

INSERT INTO Worker 
	(WORKER_ID, FIRST_NAME, LAST_NAME, SALARY, JOINING_DATE, DEPARTMENT) VALUES
		(001, 'Monika', 'Arora', 100000, '21-02-20 09.00.00', 'HR'),
		(002, 'Niharika', 'Verma', 80000, '21-06-11 09.00.00', 'Admin'),
		(003, 'Vishal', 'Singhal', 300000, '21-02-20 09.00.00', 'HR'),
		(004, 'Amitabh', 'Singh', 500000, '21-02-20 09.00.00', 'Admin'),
		(005, 'Vivek', 'Bhati', 500000, '21-06-11 09.00.00', 'Admin'),
		(006, 'Vipul', 'Diwan', 200000, '21-06-11 09.00.00', 'Account'),
		(007, 'Satish', 'Kumar', 75000, '21-01-20 09.00.00', 'Account'),
		(008, 'Geetika', 'Chauhan', 90000, '21-04-11 09.00.00', 'Admin');

Table-2
CREATE TABLE Bonus (
	WORKER_REF_ID INT,
	BONUS_AMOUNT INT(10),
	BONUS_DATE DATETIME,
	FOREIGN KEY (WORKER_REF_ID)
		REFERENCES Worker(WORKER_ID)
        ON DELETE CASCADE
);

INSERT INTO Bonus 
	(WORKER_REF_ID, BONUS_AMOUNT, BONUS_DATE) VALUES
		(001, 5000, '23-02-20'),
		(002, 3000, '23-06-11'),
		(003, 4000, '23-02-20'),
		(001, 4500, '23-02-20'),
		(002, 3500, '23-06-11');
Table-3
CREATE TABLE Title (
	WORKER_REF_ID INT,
	WORKER_TITLE CHAR(25),
	AFFECTED_FROM DATETIME,
	FOREIGN KEY (WORKER_REF_ID)
		REFERENCES Worker(WORKER_ID)
        ON DELETE CASCADE
);

INSERT INTO Title 
	(WORKER_REF_ID, WORKER_TITLE, AFFECTED_FROM) VALUES
 (001, 'Manager', '2023-02-20 00:00:00'),
 (002, 'Executive', '2023-06-11 00:00:00'),
 (008, 'Executive', '2023-06-11 00:00:00'),
 (005, 'Manager', '2023-06-11 00:00:00'),
 (004, 'Asst. Manager', '2023-06-11 00:00:00'),
 (007, 'Executive', '2023-06-11 00:00:00'),
 (006, 'Lead', '2023-06-11 00:00:00'),
 (003, 'Lead', '2023-06-11 00:00:00');

...............................................................
question-1. Display all information in the tables EMP and DEPT.
...............................................................
...............................................................
Enter password: ******
Welcome to the MySQL monitor.  Commands end with ; or \g.
Your MySQL connection id is 11
Server version: 8.0.37 MySQL Community Server - GPL

Copyright (c) 2000, 2024, Oracle and/or its affiliates.

Oracle is a registered trademark of Oracle Corporation and/or its
affiliates. Other names may be trademarks of their respective
owners.

Type 'help;' or '\h' for help. Type '\c' to clear the current input statement.

mysql> show databases;
+--------------------+
| Database           |
+--------------------+
| information_schema |
| mydb               |
| mydt               |
| mysql              |
| mysys              |
| mytb               |
| mytv               |
| performance_schema |
| sys                |
+--------------------+
9 rows in set (0.00 sec)

mysql> use mydb;
Database changed

mysql> create table employyee(Id int, name varchar(100), age int, salary int, sift char(25));
Query OK, 0 rows affected (0.83 sec)

mysql> describe employyee;
+--------+--------------+------+-----+---------+-------+
| Field  | Type         | Null | Key | Default | Extra |
+--------+--------------+------+-----+---------+-------+
| Id     | int          | YES  |     | NULL    |       |
| name   | varchar(100) | YES  |     | NULL    |       |
| age    | int          | YES  |     | NULL    |       |
| salary | int          | YES  |     | NULL    |       |
| sift   | char(25)     | YES  |     | NULL    |       |
+--------+--------------+------+-----+---------+-------+
5 rows in set (0.00 sec)

mysql> insert into employyee values(1,"Mukesh",30,30000,"Morning");
Query OK, 1 row affected (0.06 sec)

mysql> insert into employyee values(2,"Kunal",32,35000,"Night");
Query OK, 1 row affected (0.07 sec)

mysql> insert into employyee values(3,"Mahesh",30,32000,"Night");
Query OK, 1 row affected (0.06 sec)

mysql> insert into employyee values(4,"Anurag",35,36000,"Regular");
Query OK, 1 row affected (0.07 sec)

mysql> insert into employyee values(5,"Anand",30,30000,"Regular");
Query OK, 1 row affected (0.06 sec)

mysql> select * from employyee;
+------+--------+------+--------+---------+
| Id   | name   | age  | salary | sift    |
+------+--------+------+--------+---------+
|    1 | Mukesh |   30 |  30000 | Morning |
|    2 | Kunal  |   32 |  35000 | Night   |
|    3 | Mahesh |   30 |  32000 | Night   |
|    4 | Anurag |   35 |  36000 | Regular |
|    5 | Anand  |   30 |  30000 | Regular |
+------+--------+------+--------+---------+
5 rows in set (0.00 sec)
mysql> create table Departmentt(Id int, name varchar(100), department char(50), age int, salary int, sift char(25),location char(26));
Query OK, 0 rows affected (0.31 sec)
mysql> describe Departmentt;
+------------+--------------+------+-----+---------+-------+
| Field      | Type         | Null | Key | Default | Extra |
+------------+--------------+------+-----+---------+-------+
| Id         | int          | YES  |     | NULL    |       |
| name       | varchar(100) | YES  |     | NULL    |       |
| department | char(50)     | YES  |     | NULL    |       |
| age        | int          | YES  |     | NULL    |       |
| salary     | int          | YES  |     | NULL    |       |
| sift       | char(25)     | YES  |     | NULL    |       |
| location   | char(26)     | YES  |     | NULL    |       |
+------------+--------------+------+-----+---------+-------+
7 rows in set (0.00 sec)

mysql> insert into Departmentt values(1,"Mukesh", "IT",30,30000,"Morning","Delhi");
Query OK, 1 row affected (0.07 sec)

mysql> insert into Departmentt values(2,"Kunal", "MRKT",32,35000,"Night","Pune");
Query OK, 1 row affected (0.06 sec)

mysql> insert into Departmentt values(3,"Mahesh", "HR",30,32000,"Night","Mumbai");;
Query OK, 1 row affected (0.05 sec)

mysql> insert into Departmentt values(4,"Anurag", "MRKT",35,36000,"Regular","Gujrat");
Query OK, 1 row affected (0.06 sec)

mysql> insert into Departmentt values(5,"Anand", "IT",30,30000,"Regular","Punjab");
Query OK, 1 row affected (0.06 sec)

mysql> select * from Departmentt;
+------+--------+------------+------+--------+---------+----------+
| Id   | name   | department | age  | salary | sift    | location |
+------+--------+------------+------+--------+---------+----------+
|    1 | Mukesh | IT         |   30 |  30000 | Morning | Delhi    |
|    2 | Kunal  | MRKT       |   32 |  35000 | Night   | Pune     |
|    3 | Mahesh | HR         |   30 |  32000 | Night   | Mumbai   |
|    4 | Anurag | MRKT       |   35 |  36000 | Regular | Gujrat   |
|    5 | Anand  | IT         |   30 |  30000 | Regular | Punjab   |
+------+--------+------------+------+--------+---------+----------+
5 rows in set (0.00 sec)

...........................................................................
...........................................................................
question-2. Display only the hire date and employee name for each employee.
............................................................................
............................................................................
 
mysql>Enter password: ******
Welcome to the MySQL monitor.  Commands end with ; or \g.
Your MySQL connection id is 15
Server version: 8.0.37 MySQL Community Server - GPL

Copyright (c) 2000, 2024, Oracle and/or its affiliates.

Oracle is a registered trademark of Oracle Corporation and/or its
affiliates. Other names may be trademarks of their respective
owners.

Type 'help;' or '\h' for help. Type '\c' to clear the current input statement.

mysql> show databases;
+--------------------+
| Database           |
+--------------------+
| information_schema |
| mydb               |
| mydt               |
| mysql              |
| mysys              |
| mytb               |
| mytv               |
| performance_schema |
| sys                |
+--------------------+
9 rows in set (0.00 sec)

mysql> use mydb;
Database changed
mysql> create table cEmployee(Id int, name varchar(100), hire_data date);
Query OK, 0 rows affected (0.32 sec)

mysql> insert into cEmployee values(1,"Ankur","2020-08-05");
Query OK, 1 row affected (0.06 sec)

mysql> insert into cEmployee values(2,"Anubhav","2021-11-06");
Query OK, 1 row affected (0.06 sec)

mysql> insert into cEmployee values(3,"Gaurav","2020-06-08");
Query OK, 1 row affected (0.05 sec)

mysql> insert into cEmployee values(4,"Rohit","2023-03-11");
Query OK, 1 row affected (0.06 sec)

mysql> insert into cEmployee values(5,"Ankit","2022-12-11");
Query OK, 1 row affected (0.05 sec)

mysql> select * from cEmployee;
+------+---------+------------+
| Id   | name    | hire_data  |
+------+---------+------------+
|    1 | Ankur   | 2020-08-05 |
|    2 | Anubhav | 2021-11-06 |
|    3 | Gaurav  | 2020-06-08 |
|    4 | Rohit   | 2023-03-11 |
|    5 | Ankit   | 2022-12-11 |
+------+---------+------------+
5 rows in set (0.00 sec)

............................................................................
............................................................................
Question-3 Display the hire date, name and department number for all clerks.
............................................................................
............................................................................
 
Enter password: ******
Welcome to the MySQL monitor.  Commands end with ; or \g.
Your MySQL connection id is 16
Server version: 8.0.37 MySQL Community Server - GPL

Copyright (c) 2000, 2024, Oracle and/or its affiliates.

Oracle is a registered trademark of Oracle Corporation and/or its
affiliates. Other names may be trademarks of their respective
owners.

Type 'help;' or '\h' for help. Type '\c' to clear the current input statement.

mysql> show databases;
+--------------------+
| Database           |
+--------------------+
| information_schema |
| mydb               |
| mydt               |
| mysql              |
| mysys              |
| mytb               |
| mytv               |
| performance_schema |
| sys                |
+--------------------+
9 rows in set (0.00 sec)

mysql> use mydb;
Database changed
mysql> create table clerkss(Id int, name varchar(100), depaertment char(50), number int, hire_date date);
Query OK, 0 rows affected (0.37 sec)

mysql> insert into clerkss values(101,"Raghav","Railway clerkss",9,"2016-09-05");
Query OK, 1 row affected (0.05 sec)

mysql> insert into clerkss values(102,"Pratap","Bank clerkss",10,"2015-11-05");
Query OK, 1 row affected (0.05 sec)

mysql> insert into clerkss values(103,"Pankaj","School clerkss",6,"2017-03-07");
Query OK, 1 row affected (0.05 sec)

mysql> insert into clerkss values(104,"Anshul","Army clerkss",8,"2019-05-11");
Query OK, 1 row affected (0.05 sec)

mysql> select * from clerkss;
+------+--------+-----------------+--------+------------+
| Id   | name   | depaertment     | number | hire_date  |
+------+--------+-----------------+--------+------------+
|  101 | Raghav | Railway clerkss |      9 | 2016-09-05 |
|  102 | Pratap | Bank clerkss    |     10 | 2015-11-05 |
|  103 | Pankaj | School clerkss  |      6 | 2017-03-07 |
|  104 | Anshul | Army clerkss    |      8 | 2019-05-11 |
+------+--------+-----------------+--------+------------+
4 rows in set (0.00 sec)

........................................................................................
........................................................................................
Quetions-4 Write an SQL query to fetch "FIRST_NAME" from the worker table in upper case.
.........................................................................................
.........................................................................................

mysql> show databases;
+--------------------+
| Database           |
+--------------------+
| information_schema |
| mydb               |
| mydt               |
| mysql              |
| mysys              |
| mytb               |
| mytv               |
| performance_schema |
| sys                |
+--------------------+
9 rows in set (0.00 sec)

mysql> use mydb;
Database changed
mysql> create table worker(id int not null primary key auto_increment,first_name char(25), last_name char(25), salary int , joining_date datetime,department char(25));
Query OK, 0 rows affected (0.65 sec)

mysql> insert into worker values(1,"Manali" ,"shah",20000,"2016-04-07 09.00.00","HR");
Query OK, 1 row affected, 1 warning (0.06 sec)

mysql> insert into worker values(2,"Aman","Sharma",22000,"2017-04-07 07.00.00","IT");
Query OK, 1 row affected, 1 warning (0.05 sec)

mysql> insert into worker values(3,"Karan","Vrama",25000,"2019-09-08 07.00.00","MKRT");
Query OK, 1 row affected, 1 warning (0.06 sec)

mysql> insert into worker values(4,"Kunal","Singh",23000,"2016-09-08 07.00.00","MKRT");
Query OK, 1 row affected, 1 warning (0.07 sec)

mysql> insert into worker values(5,"Gaurav","Rajput",26000,"2016-04-03 05.00.00","Account");
Query OK, 1 row affected, 1 warning (0.04 sec)
mysql> select * from worker;
+----+------------+-----------+--------+---------------------+------------+
| id | first_name | last_name | salary | joining_date        | department |
+----+------------+-----------+--------+---------------------+------------+
|  1 | Manali     | shah      |  20000 | 2016-04-07 09:00:00 | HR         |
|  2 | Aman       | Sharma    |  22000 | 2017-04-07 07:00:00 | IT         |
|  3 | Karan      | Vrama     |  25000 | 2019-09-08 07:00:00 | MKRT       |
|  4 | Kunal      | Singh     |  23000 | 2016-09-08 07:00:00 | MKRT       |
|  5 | Gaurav     | Rajput    |  26000 | 2016-04-03 05:00:00 | Account    |
+----+------------+-----------+--------+---------------------+------------+
5 rows in set (0.00 sec)

mysql> select upper(first_name) from worker;
+-------------------+
| upper(first_name) |
+-------------------+
| MANALI            |
| AMAN              |
| KARAN             |
| KUNAL             |
| GAURAV            |
+-------------------+
5 rows in set (0.00 sec)

mysql> select lower(first_name)from worker;
+-------------------+
| lower(first_name) |
+-------------------+
| manali            |
| aman              |
| karan             |
| kunal             |
| gaurav            |
+-------------------+
5 rows in set (0.00 sec)

..............................................................................................................
..............................................................................................................
Question-5 WRITE an SQL query to fetch fetch "FIRST_NAME" from the Worker table using the alise <WORKER_NAME>.
...............................................................................................................
...............................................................................................................

Enter password: ******
Welcome to the MySQL monitor.  Commands end with ; or \g.
Your MySQL connection id is 9
Server version: 8.0.37 MySQL Community Server - GPL

Copyright (c) 2000, 2024, Oracle and/or its affiliates.

Oracle is a registered trademark of Oracle Corporation and/or its
affiliates. Other names may be trademarks of their respective
owners.

Type 'help;' or '\h' for help. Type '\c' to clear the current input statement.

mysql> show databases;
+--------------------+
| Database           |
+--------------------+
| information_schema |
| mydb               |
| mydt               |
| mysql              |
| mysys              |
| mytb               |
| mytv               |
| performance_schema |
| sys                |
+--------------------+
9 rows in set (0.00 sec)

mysql> use mydb;
Database changed

mysql> create table worker(id int not null primary key auto_increment,first_name char(25), last_name char(25), salary int , joining_date datetime,department char(25));
Query OK, 0 rows affected (0.65 sec)

mysql> insert into worker values(1,"Manali" ,"shah",20000,"2016-04-07 09.00.00","HR");
Query OK, 1 row affected, 1 warning (0.06 sec)

mysql> insert into worker values(2,"Aman","Sharma",22000,"2017-04-07 07.00.00","IT");
Query OK, 1 row affected, 1 warning (0.05 sec)

mysql> insert into worker values(3,"Karan","Vrama",25000,"2019-09-08 07.00.00","MKRT");
Query OK, 1 row affected, 1 warning (0.06 sec)

mysql> insert into worker values(4,"Kunal","Singh",23000,"2016-09-08 07.00.00","MKRT");
Query OK, 1 row affected, 1 warning (0.07 sec)

mysql> insert into worker values(5,"Gaurav","Rajput",26000,"2016-04-03 05.00.00","Account");
Query OK, 1 row affected, 1 warning (0.04 sec)

mysql> select * from  worker;
+----+------------+-----------+--------+---------------------+------------+
| id | first_name | last_name | salary | joining_date        | department |
+----+------------+-----------+--------+---------------------+------------+
|  1 | Manali     | shah      |  20000 | 2016-04-07 09:00:00 | HR         |
|  2 | Aman       | Sharma    |  22000 | 2017-04-07 07:00:00 | IT         |
|  3 | Karan      | Vrama     |  25000 | 2019-09-08 07:00:00 | MKRT       |
|  4 | Kunal      | Singh     |  23000 | 2016-09-08 07:00:00 | MKRT       |
|  5 | Gaurav     | Rajput    |  26000 | 2016-04-03 05:00:00 | Account    |
+----+------------+-----------+--------+---------------------+------------+
5 rows in set (0.00 sec)
mysql> select first_name as fname from worker;
+--------+
| fname  |
+--------+
| Manali |
| Aman   |
| Karan  |
| Kunal  |
| Gaurav |
+--------+
5 rows in set (0.00 sec)
mysql> select FIRST_NAME AS WORKER_NAME from worker;
+-------------+
| WORKER_NAME |
+-------------+
| Manali      |
| Aman        |
| Karan       |
| Kunal       |
| Gaurav      |
+-------------+
5 rows in set (0.00 sec)

....................................................................................................
....................................................................................................
Question-6 Write an SQL query to print the first three character of FIRST_NAME from the Worker table.
.....................................................................................................
.....................................................................................................

Enter password: ******
Welcome to the MySQL monitor.  Commands end with ; or \g.
Your MySQL connection id is 16
Server version: 8.0.37 MySQL Community Server - GPL

Copyright (c) 2000, 2024, Oracle and/or its affiliates.

Oracle is a registered trademark of Oracle Corporation and/or its
affiliates. Other names may be trademarks of their respective
owners.

Type 'help;' or '\h' for help. Type '\c' to clear the current input statement.

mysql> show databases;
+--------------------+
| Database           |
+--------------------+
| information_schema |
| mydb               |
| mydt               |
| mysql              |
| mysys              |
| mytb               |
| mytv               |
| performance_schema |
| sys                |
+--------------------+
9 rows in set (0.00 sec)

mysql> use mydb;
Database changed

mysql> create table Worker(Worker_id int not null primary key auto_increment,first_name char(26),last_name char(26),salary int);
Query OK, 0 rows affected (0.34 sec)

mysql> insert into Worker values(1,"Vishal","Kushwah",38000);
Query OK, 1 row affected (0.05 sec)

mysql> insert into Worker values(2,"Ashul","Pathak",30000);
Query OK, 1 row affected (0.04 sec)

mysql> insert into Worker values(3,"Karan","Sharma",25000);
Query OK, 1 row affected (0.05 sec)

mysql> insert into Worker values(4,"Aman","Varma",25000);
Query OK, 1 row affected (0.10 sec)

mysql> insert into Worker values(5,"Pawan","Shah",25000);
Query OK, 1 row affected (0.04 sec)

mysql> select * from Worker;
+-----------+------------+-----------+--------+
| Worker_id | first_name | last_name | salary |
+-----------+------------+-----------+--------+
|         1 | Vishal     | Kushwah   |  38000 |
|         2 | Ashul      | Pathak    |  30000 |
|         3 | Karan      | Sharma    |  25000 |
|         4 | Aman       | Varma     |  25000 |
|         5 | Pawan      | Shah      |  25000 |
+-----------+------------+-----------+--------+
5 rows in set (0.00 sec)

mysql> select first_name as fname from Worker;
+--------+
| fname  |
+--------+
| Vishal |
| Ashul  |
| Karan  |
| Aman   |
| Pawan  |
+--------+
5 rows in set (0.00 sec)

mysql> select substring(first_name,1,3) from worker;
+---------------------------+
| substring(first_name,1,3) |
+---------------------------+
| Vis                       |
| Ash                       |
| Kar                       |
| Ama                       |
| Paw                       |
+---------------------------+
5 rows in set (0.00 sec)

..................................................................................................................................
..................................................................................................................................
Question-7. Write an SQL query to find the position of the alphabet ('a') in the first name column 'Amitabh' from the worker table.
...................................................................................................................................
...................................................................................................................................
Enter password: ******
Welcome to the MySQL monitor.  Commands end with ; or \g.
Your MySQL connection id is 16
Server version: 8.0.37 MySQL Community Server - GPL

Copyright (c) 2000, 2024, Oracle and/or its affiliates.

Oracle is a registered trademark of Oracle Corporation and/or its
affiliates. Other names may be trademarks of their respective
owners.

Type 'help;' or '\h' for help. Type '\c' to clear the current input statement.

mysql> show databases;
+--------------------+
| Database           |
+--------------------+
| information_schema |
| mydb               |
| mydt               |
| mysql              |
| mysys              |
| mytb               |
| mytv               |
| performance_schema |
| sys                |
+--------------------+
9 rows in set (0.00 sec)

mysql> use mydb;
Database changed
mysql> create table Workerr(Worker_id int not null primary key auto_increment,first_name char(26),last_name char(26),salary int , position char(50));
Query OK, 0 rows affected (0.27 sec)

mysql> insert into Workerr values(1,"Amitabh","Kushwah",38000,"Head department");
Query OK, 1 row affected (0.04 sec)

mysql> insert into Workerr values(2,"Ashul","Pathak",30000,"Manager");
Query OK, 1 row affected (0.05 sec)

mysql> insert into Workerr values(3,"Karan","Sharma",25000,"Social worker");
Query OK, 1 row affected (0.04 sec)

mysql> insert into Workerr values(4,"Aman","Varma",25000,"Digital disign");
Query OK, 1 row affected (0.04 sec)

mysql> insert into Workerr values(5,"Pawan","Shah",25000,"Mechanical Engineer" );
Query OK, 1 row affected (0.08 sec)

mysql> select * from  Workerr;
+-----------+------------+-----------+--------+---------------------+
| Worker_id | first_name | last_name | salary | position            |
+-----------+------------+-----------+--------+---------------------+
|         1 | Amitabh    | Kushwah   |  38000 | Head department     |
|         2 | Ashul      | Pathak    |  30000 | Manager             |
|         3 | Karan      | Sharma    |  25000 | Social worker       |
|         4 | Aman       | Varma     |  25000 | Digital disign      |
|         5 | Pawan      | Shah      |  25000 | Mechanical Engineer |
+-----------+------------+-----------+--------+---------------------+
5 rows in set (0.00 sec)

mysql> select locate ("a",first_name) from worker;
+-------------------------+
| locate ("a",first_name) |
+-------------------------+
|                       5 |
|                       1 |
|                       2 |
|                       1 |
|                       2 |
+-------------------------+
5 rows in set (0.02 sec)

.............................................................................................................................
.............................................................................................................................
Question-8. Write an SQL query to print the FRIST_NAME from the worker table after removing white spaces from the right side. 
.............................................................................................................................
.............................................................................................................................

Enter password: ******
Welcome to the MySQL monitor.  Commands end with ; or \g.
Your MySQL connection id is 16
Server version: 8.0.37 MySQL Community Server - GPL

Copyright (c) 2000, 2024, Oracle and/or its affiliates.

Oracle is a registered trademark of Oracle Corporation and/or its
affiliates. Other names may be trademarks of their respective
owners.

Type 'help;' or '\h' for help. Type '\c' to clear the current input statement.

mysql> show databases;
+--------------------+
| Database           |
+--------------------+
| information_schema |
| mydb               |
| mydt               |
| mysql              |
| mysys              |
| mytb               |
| mytv               |
| performance_schema |
| sys                |
+--------------------+
9 rows in set (0.00 sec)

mysql> use mydb;
Database changed
mysql> create table Workerr(Worker_id int not null primary key auto_increment,first_name char(26),last_name char(26),salary int , position char(50));
Query OK, 0 rows affected (0.27 sec)

mysql> insert into Workerr values(1,"Amitabh","Kushwah",38000,"Head department");
Query OK, 1 row affected (0.04 sec)

mysql> insert into Workerr values(2,"Ashul","Pathak",30000,"Manager");
Query OK, 1 row affected (0.05 sec)

mysql> insert into Workerr values(3,"Karan","Sharma",25000,"Social worker");
Query OK, 1 row affected (0.04 sec)

mysql> insert into Workerr values(4,"Aman","Varma",25000,"Digital disign");
Query OK, 1 row affected (0.04 sec)

mysql> insert into Workerr values(5,"Pawan","Shah",25000,"Mechanical Engineer" );
Query OK, 1 row affected (0.08 sec)

mysql> select * from Workerr;
+-----------+------------+-----------+--------+---------------------+
| Worker_id | first_name | last_name | salary | position            |
+-----------+------------+-----------+--------+---------------------+
|         1 | Amitabh    | Kushwah   |  38000 | Head department     |
|         2 | Ashul      | Pathak    |  30000 | Manager             |
|         3 | Karan      | Sharma    |  25000 | Social worker       |
|         4 | Aman       | Varma     |  25000 | Digital disign      |
|         5 | Pawan      | Shah      |  25000 | Mechanical Engineer |
+-----------+------------+-----------+--------+---------------------+
5 rows in set (0.00 sec)

mysql> select rtrim(first_name)from Workerr;
+-------------------+
| rtrim(first_name) |
+-------------------+
| Amitabh           |
| Ashul             |
| Karan             |
| Aman              |
| Pawan             |
+-------------------+
5 rows in set (0.00 sec)

.......................................................................................................................
.......................................................................................................................
Question-9. Write an SQL Query to print the DEPARTMENT from worker table after removing white space from the left side.
........................................................................................................................
........................................................................................................................

mysql>Enter password: ******
Welcome to the MySQL monitor.  Commands end with ; or \g.
Your MySQL connection id is 9
Server version: 8.0.37 MySQL Community Server - GPL

Copyright (c) 2000, 2024, Oracle and/or its affiliates.

Oracle is a registered trademark of Oracle Corporation and/or its
affiliates. Other names may be trademarks of their respective
owners.

Type 'help;' or '\h' for help. Type '\c' to clear the current input statement.

mysql> show databases;
+--------------------+
| Database           |
+--------------------+
| information_schema |
| mydb               |
| mydt               |
| mysql              |
| mysys              |
| mytb               |
| mytv               |
| performance_schema |
| sys                |
+--------------------+
9 rows in set (0.00 sec)

mysql> use mydb;
Database changed
mysql> create table Worker(Worker_Id int not null primary key auto_increment,first_name char(25),last_name char(25),salary int,department char(25));
ERROR 1050 (42S01): Table 'worker' already exists
mysql> drop table worker;
Query OK, 0 rows affected (0.19 sec)

mysql> create table Worker(Worker_Id int not null primary key auto_increment,first_name char(25),last_name char(25),salary int,department char(25));
Query OK, 0 rows affected (0.35 sec)

mysql> insert into Worker values(1,"Mitesh","Chandra",33000,"Hr");
Query OK, 1 row affected (0.07 sec)

mysql> insert into Worker values(2,"Vishal","Shigh",30000,"Account");
Query OK, 1 row affected (0.07 sec)

mysql> insert into Worker values(3,"Mnisha","Varma",30000,"Account");
Query OK, 1 row affected (0.09 sec)

mysql> insert into Worker values(4,"Megha","Arora",29000,"MKRT");
Query OK, 1 row affected (0.07 sec)

mysql> insert into Worker values(5,"Kartik","Shah",35000,"Admin");
Query OK, 1 row affected (0.07 sec)

mysql> select * from Worker;
+-----------+------------+-----------+--------+------------+
| Worker_Id | first_name | last_name | salary | department |
+-----------+------------+-----------+--------+------------+
|         1 | Mitesh     | Chandra   |  33000 | Hr         |
|         2 | Vishal     | Shigh     |  30000 | Account    |
|         3 | Mnisha     | Varma     |  30000 | Account    |
|         4 | Megha      | Arora     |  29000 | MKRT       |
|         5 | Kartik     | Shah      |  35000 | Admin      |
+-----------+------------+-----------+--------+------------+
5 rows in set (0.00 sec)

mysql> select ltrim(department) from Worker;
+-------------------+
| ltrim(department) |
+-------------------+
| Hr                |
| Account           |
| Account           |
| MKRT              |
| Admin             |
+-------------------+
5 rows in set (0.04 sec)

................................................................................................................
................................................................................................................
Question-10. Write an SQL Query that Fetches the Unique values of DEPARTMENT from worker and prints Its Length..
................................................................................................................
................................................................................................................

Enter password: ******
Welcome to the MySQL monitor.  Commands end with ; or \g.
Your MySQL connection id is 9
Server version: 8.0.37 MySQL Community Server - GPL

Copyright (c) 2000, 2024, Oracle and/or its affiliates.

Oracle is a registered trademark of Oracle Corporation and/or its
affiliates. Other names may be trademarks of their respective
owners.

Type 'help;' or '\h' for help. Type '\c' to clear the current input statement.

mysql> show databases;
+--------------------+
| Database           |
+--------------------+
| information_schema |
| mydb               |
| mydt               |
| mysql              |
| mysys              |
| mytb               |
| mytv               |
| performance_schema |
| sys                |
+--------------------+
9 rows in set (0.00 sec)

mysql> use mydb;
Database changed

mysql> create table Worker(Worker_Id int not null primary key auto_increment,first_name char(25),last_name char(25),salary int,department char(25));
Query OK, 0 rows affected (0.35 sec)

mysql> insert into Worker values(1,"Mitesh","Chandra",33000,"Hr");
Query OK, 1 row affected (0.07 sec)

mysql> insert into Worker values(2,"Vishal","Shigh",30000,"Account");
Query OK, 1 row affected (0.07 sec)

mysql> insert into Worker values(3,"Mnisha","Varma",30000,"Account");
Query OK, 1 row affected (0.09 sec)

mysql> insert into Worker values(4,"Megha","Arora",29000,"MKRT");
Query OK, 1 row affected (0.07 sec)

mysql> insert into Worker values(5,"Kartik","Shah",35000,"Admin");
Query OK, 1 row affected (0.07 sec)

mysql> select * from Worker;
+-----------+------------+-----------+--------+------------+
| Worker_Id | first_name | last_name | salary | department |
+-----------+------------+-----------+--------+------------+
|         1 | Mitesh     | Chandra   |  33000 | Hr         |
|         2 | Vishal     | Shigh     |  30000 | Account    |
|         3 | Mnisha     | Varma     |  30000 | Account    |
|         4 | Megha      | Arora     |  29000 | MKRT       |
|         5 | Kartik     | Shah      |  35000 | Admin      |
+-----------+------------+-----------+--------+------------+
5 rows in set (0.00 sec)

mysql> select distinct department,length(department)as departmentNameLength from worker;
+------------+----------------------+
| department | departmentNameLength |
+------------+----------------------+
| Hr         |                    2 |
| Account    |                    7 |
| MKRT       |                    4 |
| Admin      |                    5 |
+------------+----------------------+
4 rows in set (0.02 sec)

.............................................................................................
.............................................................................................
Question-11.Write an SQL Query to print the FIRST_NAME From Worker Table After 'A' With 'A'..
.............................................................................................
.............................................................................................

Enter password: ******
Welcome to the MySQL monitor.  Commands end with ; or \g.
Your MySQL connection id is 9
Server version: 8.0.37 MySQL Community Server - GPL

Copyright (c) 2000, 2024, Oracle and/or its affiliates.

Oracle is a registered trademark of Oracle Corporation and/or its
affiliates. Other names may be trademarks of their respective
owners.

Type 'help;' or '\h' for help. Type '\c' to clear the current input statement.

mysql> show databases;
+--------------------+
| Database           |
+--------------------+
| information_schema |
| mydb               |
| mydt               |
| mysql              |
| mysys              |
| mytb               |
| mytv               |
| performance_schema |
| sys                |
+--------------------+
9 rows in set (0.00 sec)

mysql> use mydb;
Database changed

mysql> create table Worker(Worker_Id int not null primary key auto_increment,first_name char(25),last_name char(25),salary int,department char(25));
Query OK, 0 rows affected (0.96 sec)

mysql> insert into Worker values(1,"Raj","Chandra",33000,"HR");
Query OK, 1 row affected (0.07 sec)

mysql> insert into Worker values(2,"Ram","Chandra",33000,"HR");
Query OK, 1 row affected (0.07 sec)

mysql> insert into Worker values(3,"Kartik","Chandra",33000,"Admin");
Query OK, 1 row affected (0.05 sec)

mysql> insert into Worker values(4,"karan","Chandra",35000,"Account");
Query OK, 1 row affected (0.07 sec)

mysql> insert into Worker values(5,"Pratap","Kumar",32000,"MKRT");
Query OK, 1 row affected (0.08 sec)

mysql> select * from Worker;
+-----------+------------+-----------+--------+------------+
| Worker_Id | first_name | last_name | salary | department |
+-----------+------------+-----------+--------+------------+
|         1 | Raj        | Chandra   |  33000 | HR         |
|         2 | Ram        | Chandra   |  33000 | HR         |
|         3 | Kartik     | Chandra   |  33000 | Admin      |
|         4 | karan      | Chandra   |  35000 | Account    |
|         5 | Pratap     | Kumar     |  32000 | MKRT       |
+-----------+------------+-----------+--------+------------+
5 rows in set (0.00 sec)
mysql> select replace(first_name,"a","A") from Worker;
+-----------------------------+
| replace(first_name,"a","A") |
+-----------------------------+
| RAj                         |
| RAm                         |
| KArtik                      |
| kArAn                       |
| PrAtAp                      |
+-----------------------------+
5 rows in set (0.00 sec)

............................................................................................................................................................
............................................................................................................................................................
question-12. Write an Query to print the FIRST_NAME and the LAST_NAME from the Worker table into a single column COMPLETE_NAME.A space char should separate them.
............................................................................................................................................................
............................................................................................................................................................
Enter password: ******
Welcome to the MySQL monitor.  Commands end with ; or \g.
Your MySQL connection id is 9
Server version: 8.0.37 MySQL Community Server - GPL

Copyright (c) 2000, 2024, Oracle and/or its affiliates.

Oracle is a registered trademark of Oracle Corporation and/or its
affiliates. Other names may be trademarks of their respective
owners.

Type 'help;' or '\h' for help. Type '\c' to clear the current input statement.

mysql> show databases;
+--------------------+
| Database           |
+--------------------+
| information_schema |
| mydb               |
| mydt               |
| mysql              |
| mysys              |
| mytb               |
| mytv               |
| performance_schema |
| sys                |
+--------------------+
9 rows in set (0.00 sec)

mysql> use mydb;
Database changed

mysql> create table Worker(Worker_Id int not null primary key auto_increment,first_name char(25),last_name char(25),salary int,department char(25));
Query OK, 0 rows affected (0.41 sec)

mysql> insert into Worker values(1,"Raj","Chandra",33000,"HR");
Query OK, 1 row affected (0.07 sec)

mysql> insert into Worker values(2,"Raj","Saini",30000,"Marketing");
Query OK, 1 row affected (0.10 sec)

mysql> insert into Worker values(3,"Gaurav","Singh",30000,"Finance");
Query OK, 1 row affected (0.07 sec)

mysql> insert into Worker values(4,"Kunal","Kushawah",35000,"HR");
Query OK, 1 row affected (0.08 sec)

mysql> insert into Worker values(5,"Raj","Prajapati",32000,"Finance");
Query OK, 1 row affected (0.07 sec)

mysql> select * from Worker;
+-----------+------------+-----------+--------+------------+
| Worker_Id | first_name | last_name | salary | department |
+-----------+------------+-----------+--------+------------+
|         1 | Raj        | Chandra   |  33000 | HR         |
|         2 | Raj        | Saini     |  30000 | Marketing  |
|         3 | Gaurav     | Singh     |  30000 | Finance    |
|         4 | Kunal      | Kushawah  |  35000 | HR         |
|         5 | Raj        | Prajapati |  32000 | Finance    |
+-----------+------------+-----------+--------+------------+
5 rows in set (0.00 sec)

mysql> select concat(first_name," ",last_name)as complete_name from Worker;
+----------------+
| complete_name  |
+----------------+
| Raj Chandra    |
| Raj Saini      |
| Gaurav Singh   |
| Kunal Kushawah |
| Raj Prajapati  |
+----------------+
5 rows in set (0.02 sec)

.........................................................................................................
.........................................................................................................
Question-13.Write an SQL Query to print all Worker details From the Worker table by FIRST_NAME Ascending.
.........................................................................................................
.........................................................................................................
Enter password: ******
Welcome to the MySQL monitor.  Commands end with ; or \g.
Your MySQL connection id is 9
Server version: 8.0.37 MySQL Community Server - GPL

Copyright (c) 2000, 2024, Oracle and/or its affiliates.

Oracle is a registered trademark of Oracle Corporation and/or its
affiliates. Other names may be trademarks of their respective
owners.

Type 'help;' or '\h' for help. Type '\c' to clear the current input statement.

mysql> show databases;
+--------------------+
| Database           |
+--------------------+
| information_schema |
| mydb               |
| mydt               |
| mysql              |
| mysys              |
| mytb               |
| mytv               |
| performance_schema |
| sys                |
+--------------------+
9 rows in set (0.00 sec)

mysql> use mydb;
Database changed

mysql> create table Worker(Worker_Id int not null primary key auto_increment,first_name char(25),last_name char(25),salary int,department char(25));
Query OK, 0 rows affected (0.41 sec)

mysql> insert into Worker values(1,"Raj","Chandra",33000,"HR");
Query OK, 1 row affected (0.09 sec)

mysql> insert into Worker values(2,"Salini","Shah",33000,"HR");
Query OK, 1 row affected (0.27 sec)

mysql> insert into Worker values(3,"Himashu","Shah",30000,"Marketing");
Query OK, 1 row affected (0.07 sec)

mysql> insert into Worker values(4,"Abishek","kumar",35000,"Account");
Query OK, 1 row affected (0.30 sec)

mysql> insert into Worker values(5,"Gagan","Saini",32000,"Admin");
Query OK, 1 row affected (0.10 sec)

mysql> select * from Worker ;
+-----------+------------+-----------+--------+------------+
| Worker_Id | first_name | last_name | salary | department |
+-----------+------------+-----------+--------+------------+
|         1 | Raj        | Chandra   |  33000 | HR         |
|         2 | Salini     | Shah      |  33000 | HR         |
|         3 | Himashu    | Shah      |  30000 | Marketing  |
|         4 | Abishek    | kumar     |  35000 | Account    |
|         5 | Gagan      | Saini     |  32000 | Admin      |
+-----------+------------+-----------+--------+------------+
5 rows in set (0.00 sec)

mysql> select * from Worker order by first_name asc;
+-----------+------------+-----------+--------+------------+
| Worker_Id | first_name | last_name | salary | department |
+-----------+------------+-----------+--------+------------+
|         4 | Abishek    | kumar     |  35000 | Account    |
|         5 | Gagan      | Saini     |  32000 | Admin      |
|         3 | Himashu    | Shah      |  30000 | Marketing  |
|         1 | Raj        | Chandra   |  33000 | HR         |
|         2 | Salini     | Shah      |  33000 | HR         |
+-----------+------------+-----------+--------+------------+
5 rows in set (0.00 sec)

.........................................................................................................................................
.........................................................................................................................................
Question-14.Write an SQL Query to print all Worker Details from the Worker table order by FIRST_NAME Ascending and DEPARTMENT Descending.
.........................................................................................................................................
.........................................................................................................................................

Enter password: ******
Welcome to the MySQL monitor.  Commands end with ; or \g.
Your MySQL connection id is 9
Server version: 8.0.37 MySQL Community Server - GPL

Copyright (c) 2000, 2024, Oracle and/or its affiliates.

Oracle is a registered trademark of Oracle Corporation and/or its
affiliates. Other names may be trademarks of their respective
owners.

Type 'help;' or '\h' for help. Type '\c' to clear the current input statement.

mysql> show databases;
+--------------------+
| Database           |
+--------------------+
| information_schema |
| mydb               |
| mydt               |
| mysql              |
| mysys              |
| mytb               |
| mytv               |
| performance_schema |
| sys                |
+--------------------+
9 rows in set (0.00 sec)

mysql> use mydb;
Database changed
mysql> create table Worker(Worker_Id int not null primary key auto_increment,first_name char(25),last_name char(25),salary int,department char(25));
Query OK, 0 rows affected (0.41 sec)

mysql> insert into Worker values(1,"Raj","Saini",30000,"Marketing");
Query OK, 1 row affected (0.06 sec)

insert into Worker values(2,"Gaurav",Singh",30000,"Fina' at line 1
mysql> insert into Worker values(2,"Gaurav","Singh",30000,"Finance");
Query OK, 1 row affected (0.06 sec)

mysql> insert into Worker values(3,"Himashu","Shah",30000,"Bank manager");
Query OK, 1 row affected (0.12 sec)

mysql> insert into Worker values(4,"Abishek","kumar",35000,"Account");
Query OK, 1 row affected (0.11 sec)

mysql> insert into Worker values(5,"Raj","Prajapati",32000,"Production");
Query OK, 1 row affected (0.07 sec)

mysql> select * from Worker;
+-----------+------------+-----------+--------+--------------+
| Worker_Id | first_name | last_name | salary | department   |
+-----------+------------+-----------+--------+--------------+
|         1 | Raj        | Saini     |  30000 | Marketing    |
|         2 | Gaurav     | Singh     |  30000 | Finance      |
|         3 | Himashu    | Shah      |  30000 | Bank manager |
|         4 | Abishek    | kumar     |  35000 | Account      |
|         5 | Raj        | Prajapati |  32000 | Production   |
+-----------+------------+-----------+--------+--------------+
5 rows in set (0.00 sec)

mysql> select * from Worker order by first_name asc, department desc;
+-----------+------------+-----------+--------+--------------+
| Worker_Id | first_name | last_name | salary | department   |
+-----------+------------+-----------+--------+--------------+
|         4 | Abishek    | kumar     |  35000 | Account      |
|         2 | Gaurav     | Singh     |  30000 | Finance      |
|         3 | Himashu    | Shah      |  30000 | Bank manager |
|         5 | Raj        | Prajapati |  32000 | Production   |
|         1 | Raj        | Saini     |  30000 | Marketing    |
+-----------+------------+-----------+--------+--------------+
5 rows in set (0.00 sec)

......................................................................................................................
......................................................................................................................
Question-15.Write an SQL Query to print Details for Worker with first names "Vipul and "satish" from the Worker table.
......................................................................................................................
......................................................................................................................

Enter password: ******
Welcome to the MySQL monitor.  Commands end with ; or \g.
Your MySQL connection id is 11
Server version: 8.0.37 MySQL Community Server - GPL

Copyright (c) 2000, 2024, Oracle and/or its affiliates.

Oracle is a registered trademark of Oracle Corporation and/or its
affiliates. Other names may be trademarks of their respective
owners.

Type 'help;' or '\h' for help. Type '\c' to clear the current input statement.

mysql>
mysql> show databases;
+--------------------+
| Database           |
+--------------------+
| information_schema |
| mydb               |
| mydt               |
| mysql              |
| mysys              |
| mytb               |
| mytv               |
| performance_schema |
| sys                |
+--------------------+
9 rows in set (0.00 sec)

mysql> use mydb;
Database changed
mysql> create table Worker(Worker_Id int not null primary key auto_increment,first_name char(25),last_name char(25),salary int,department char(25));
Query OK, 0 rows affected (0.98 sec)

mysql> insert into Worker values(1,"Vipul","Jain",35000,"Bank manager");
Query OK, 1 row affected (0.06 sec)

mysql> insert into Worker values(2,"Satish","Kumar",30000,"Marketig");
Query OK, 1 row affected (0.07 sec)

mysql> insert into Worker values(3,"Varun","Shah",33000,"Account");
Query OK, 1 row affected (0.06 sec)

mysql> insert into Worker values(4,"Ashok","Pathak",33000,"Account");
Query OK, 1 row affected (0.07 sec)

mysql> insert into Worker values(5,"Aman","Patel",36000,"HR");
Query OK, 1 row affected (0.07 sec)

mysql> select * from Worker;
+-----------+------------+-----------+--------+--------------+
| Worker_Id | first_name | last_name | salary | department   |
+-----------+------------+-----------+--------+--------------+
|         1 | Vipul      | Jain      |  35000 | Bank manager |
|         2 | Satish     | Kumar     |  30000 | Marketing     |
|         3 | Varun      | Shah      |  33000 | Account      |
|         4 | Ashok      | Pathak    |  33000 | Account      |
|         5 | Aman       | Patel     |  36000 | HR           |
+-----------+------------+-----------+--------+--------------+
5 rows in set (0.00 sec)

mysql> select * from Worker where first_name in ("Vipul", "Satish");
+-----------+------------+-----------+--------+--------------+
| Worker_Id | first_name | last_name | salary | department   |
+-----------+------------+-----------+--------+--------------+
|         1 | Vipul      | Jain      |  35000 | Bank manager |
|         2 | Satish     | Kumar     |  30000 | Marketig     |
+-----------+------------+-----------+--------+--------------+
2 rows in set (0.00 sec)

............................................................................................................................
............................................................................................................................
Question-16.Write an SQL Query to print details of Workers excludind first name, "vipul" and "Satish" from the Worker table.
............................................................................................................................
............................................................................................................................ 

Enter password: ******
Welcome to the MySQL monitor.  Commands end with ; or \g.
Your MySQL connection id is 11
Server version: 8.0.37 MySQL Community Server - GPL

Copyright (c) 2000, 2024, Oracle and/or its affiliates.

Oracle is a registered trademark of Oracle Corporation and/or its
affiliates. Other names may be trademarks of their respective
owners.

Type 'help;' or '\h' for help. Type '\c' to clear the current input statement.

mysql>
mysql> show databases;
+--------------------+
| Database           |
+--------------------+
| information_schema |
| mydb               |
| mydt               |
| mysql              |
| mysys              |
| mytb               |
| mytv               |
| performance_schema |
| sys                |
+--------------------+
9 rows in set (0.00 sec)

mysql> use mydb;
Database changed
mysql> create table Worker(Worker_Id int not null primary key auto_increment,first_name char(25),last_name char(25),salary int,department char(25));
Query OK, 0 rows affected (0.98 sec)

mysql> insert into Worker values(1,"Vipul","Jain",35000,"Bank manager");
Query OK, 1 row affected (0.06 sec)

mysql> insert into Worker values(2,"Satish","Kumar",30000,"Marketig");
Query OK, 1 row affected (0.07 sec)

mysql> insert into Worker values(3,"Varun","Shah",33000,"Account");
Query OK, 1 row affected (0.06 sec)

mysql> insert into Worker values(4,"Ashok","Pathak",33000,"Account");
Query OK, 1 row affected (0.07 sec)

mysql> insert into Worker values(5,"Aman","Patel",36000,"HR");
Query OK, 1 row affected (0.07 sec)
ysql> select * from Worker;
+-----------+------------+-----------+--------+--------------+
| Worker_Id | first_name | last_name | salary | department   |
+-----------+------------+-----------+--------+--------------+
|         1 | Vipul      | Jain      |  35000 | Bank manager |
|         2 | Satish     | Kumar     |  30000 | Marketing     |
|         3 | Varun      | Shah      |  33000 | Account      |
|         4 | Ashok      | Pathak    |  33000 | Account      |
|         5 | Aman       | Patel     |  36000 | HR           |
+-----------+------------+-----------+--------+--------------+
5 rows in set (0.00 sec)
mysql> select * from Worker where first_name not in ("Vipul","Satish");
+-----------+------------+-----------+--------+------------+
| Worker_Id | first_name | last_name | salary | department |
+-----------+------------+-----------+--------+------------+
|         3 | Varun      | Shah      |  33000 | Account    |
|         4 | Ashok      | Pathak    |  33000 | Account    |
|         5 | Aman       | Patel     |  36000 | HR         |
+-----------+------------+-----------+--------+------------+
3 rows in set (0.00 sec)

..............................................................................................
..............................................................................................
Question-17. Write an SQL Query to print Deteails of Worker with DEPARTMNET name as "Account".
..............................................................................................
..............................................................................................

Enter password: ******
Welcome to the MySQL monitor.  Commands end with ; or \g.
Your MySQL connection id is 11
Server version: 8.0.37 MySQL Community Server - GPL

Copyright (c) 2000, 2024, Oracle and/or its affiliates.

Oracle is a registered trademark of Oracle Corporation and/or its
affiliates. Other names may be trademarks of their respective
owners.

Type 'help;' or '\h' for help. Type '\c' to clear the current input statement.

mysql>
mysql> show databases;
+--------------------+
| Database           |
+--------------------+
| information_schema |
| mydb               |
| mydt               |
| mysql              |
| mysys              |
| mytb               |
| mytv               |
| performance_schema |
| sys                |
+--------------------+
9 rows in set (0.00 sec)

mysql> use mydb;
Database changed
mysql> create table Worker(Worker_Id int not null primary key auto_increment,first_name char(25),last_name char(25),salary int,department char(25));
Query OK, 0 rows affected (0.98 sec)

mysql> insert into Worker values(1,"Vipul","Jain",35000,"Bank manager");
Query OK, 1 row affected (0.06 sec)

mysql> insert into Worker values(2,"Satish","Kumar",30000,"Marketig");
Query OK, 1 row affected (0.07 sec)

mysql> insert into Worker values(3,"Varun","Shah",33000,"Account");
Query OK, 1 row affected (0.06 sec)

mysql> insert into Worker values(4,"Ashok","Pathak",33000,"Account");
Query OK, 1 row affected (0.07 sec)

mysql> insert into Worker values(5,"Aman","Patel",36000,"HR");
Query OK, 1 row affected (0.07 sec)
ysql> select * from Worker;
+-----------+------------+-----------+--------+--------------+
| Worker_Id | first_name | last_name | salary | department   |
+-----------+------------+-----------+--------+--------------+
|         1 | Vipul      | Jain      |  35000 | Bank manager |
|         2 | Satish     | Kumar     |  30000 | Marketing     |
|         3 | Varun      | Shah      |  33000 | Account      |
|         4 | Ashok      | Pathak    |  33000 | Account      |
|         5 | Aman       | Patel     |  36000 | HR           |
+-----------+------------+-----------+--------+--------------+
mysql> SELECT * FROM worker WHERE department = "Account";
+-----------+------------+-----------+--------+------------+
| Worker_Id | first_name | last_name | salary | department |
+-----------+------------+-----------+--------+------------+
|         3 | Varun      | Shah      |  33000 | Account    |
|         4 | Ashok      | Pathak    |  33000 | Account    |
+-----------+------------+-----------+--------+------------+
2 rows in set (0.00 sec)

mysql> SELECT * FROM worker WHERE department = "Bank manager";
+-----------+------------+-----------+--------+--------------+
| Worker_Id | first_name | last_name | salary | department   |
+-----------+------------+-----------+--------+--------------+
|         1 | Vipul      | Jain      |  35000 | Bank manager |
+-----------+------------+-----------+--------+--------------+
1 row in set (0.00 sec)

mysql> SELECT * FROM worker WHERE department = "HR";
+-----------+------------+-----------+--------+------------+
| Worker_Id | first_name | last_name | salary | department |
+-----------+------------+-----------+--------+------------+
|         5 | Aman       | Patel     |  36000 | HR         |
+-----------+------------+-----------+--------+------------+
1 row in set (0.00 sec)

mysql> SELECT * FROM worker WHERE department = "Marketing";
+-----------+------------+-----------+--------+------------+
| Worker_Id | first_name | last_name | salary | department |
+-----------+------------+-----------+--------+------------+
|         2 | Satish     | Kumar     |  30000 | Marketing   |
+-----------+------------+-----------+--------+------------+
1 row in set (0.00 sec)

.............................................................................................
.............................................................................................
Question-18. Write an SQL Query to print Details of the Worker Whose FIRST_NAME Contains 'a'.
.............................................................................................
.............................................................................................

Enter password: ******
Welcome to the MySQL monitor.  Commands end with ; or \g.
Your MySQL connection id is 11
Server version: 8.0.37 MySQL Community Server - GPL

Copyright (c) 2000, 2024, Oracle and/or its affiliates.

Oracle is a registered trademark of Oracle Corporation and/or its
affiliates. Other names may be trademarks of their respective
owners.

Type 'help;' or '\h' for help. Type '\c' to clear the current input statement.

mysql>
mysql> show databases;
+--------------------+
| Database           |
+--------------------+
| information_schema |
| mydb               |
| mydt               |
| mysql              |
| mysys              |
| mytb               |
| mytv               |
| performance_schema |
| sys                |
+--------------------+
9 rows in set (0.00 sec)

mysql> use mydb;
Database changed
mysql> create table Worker(Worker_Id int not null primary key auto_increment,first_name char(25),last_name char(25),salary int,department char(25));
Query OK, 0 rows affected (0.98 sec)

mysql> insert into Worker values(1,"Vipul","Jain",35000,"Bank manager");
Query OK, 1 row affected (0.06 sec)

mysql> insert into Worker values(2,"Satish","Kumar",30000,"Marketig");
Query OK, 1 row affected (0.07 sec)

mysql> insert into Worker values(3,"Varun","Shah",33000,"Account");
Query OK, 1 row affected (0.06 sec)

mysql> insert into Worker values(4,"Ashok","Pathak",33000,"Account");
Query OK, 1 row affected (0.07 sec)

mysql> insert into Worker values(5,"Aman","Patel",36000,"HR");
Query OK, 1 row affected (0.07 sec)

mysql> select * from Worker;
+-----------+------------+-----------+--------+--------------+
| Worker_Id | first_name | last_name | salary | department   |
+-----------+------------+-----------+--------+--------------+
|         1 | Vipul      | Jain      |  35000 | Bank manager |
|         2 | Satish     | Kumar     |  30000 | Marketig     |
|         3 | Varun      | Shah      |  33000 | Account      |
|         4 | Ashok      | Pathak    |  33000 | Account      |
|         5 | Aman       | Patel     |  36000 | HR           |
+-----------+------------+-----------+--------+--------------+
5 rows in set (0.00 sec)

mysql> select * from Worker WHERE first_name like "%a%";
+-----------+------------+-----------+--------+------------+
| Worker_Id | first_name | last_name | salary | department |
+-----------+------------+-----------+--------+------------+
|         2 | Satish     | Kumar     |  30000 | Marketig   |
|         3 | Varun      | Shah      |  33000 | Account    |
|         4 | Ashok      | Pathak    |  33000 | Account    |
|         5 | Aman       | Patel     |  36000 | HR         |
+-----------+------------+-----------+--------+------------+
4 rows in set (0.00 sec)
mysql> select * from Worker WHERE first_name like "%i%";
+-----------+------------+-----------+--------+--------------+
| Worker_Id | first_name | last_name | salary | department   |
+-----------+------------+-----------+--------+--------------+
|         1 | Vipul      | Jain      |  35000 | Bank manager |
|         2 | Satish     | Kumar     |  30000 | Marketig     |
+-----------+------------+-----------+--------+--------------+
2 rows in set (0.00 sec)

..............................................................................................
..............................................................................................
Question_19.Write an SQL Query to print details of the Workers Whose FIRST_NAME Ends With 'a'.
..............................................................................................
..............................................................................................
Enter password: ******
Welcome to the MySQL monitor.  Commands end with ; or \g.
Your MySQL connection id is 11
Server version: 8.0.37 MySQL Community Server - GPL

Copyright (c) 2000, 2024, Oracle and/or its affiliates.

Oracle is a registered trademark of Oracle Corporation and/or its
affiliates. Other names may be trademarks of their respective
owners.

Type 'help;' or '\h' for help. Type '\c' to clear the current input statement.
mysql> show databases;
+--------------------+
| Database           |
+--------------------+
| information_schema |
| mydb               |
| mydt               |
| mysql              |
| mysys              |
| mytb               |
| mytv               |
| performance_schema |
| sys                |
+--------------------+
9 rows in set (0.00 sec)

mysql> use mydb;
Database changed

mysql> create table Worker(Worker_Id int not null primary key auto_increment,first_name char(25),last_name char(25), salary int, department char(25));
Query OK, 0 rows affected (0.33 sec)

mysql> insert into Worker values(1,"Raghav","Jain",35000,"Manager");
Query OK, 1 row affected (0.15 sec)

mysql> insert into Worker values(2,"Satish","Kumar",30000,"Marketig");
Query OK, 1 row affected (0.06 sec)

mysql> insert into Worker values(3,"Varun","Shah",33000,"Account");
Query OK, 1 row affected (0.05 sec)

mysql> insert into Worker values(4,"Ashok","Pathak",33000,"Account");
Query OK, 1 row affected (0.07 sec)

mysql> insert into Worker values(5,"Aman","Patel",36000,"HR");
Query OK, 1 row affected (0.05 sec)

mysql> select * from Worker;
+-----------+------------+-----------+--------+------------+
| Worker_Id | first_name | last_name | salary | department |
+-----------+------------+-----------+--------+------------+
|         1 | Raghav     | Jain      |  35000 | Manager    |
|         2 | Satish     | Kumar     |  30000 | Marketig   |
|         3 | Varun      | Shah      |  33000 | Account    |
|         4 | Ashok      | Pathak    |  33000 | Account    |
|         5 | Aman       | Patel     |  36000 | HR         |
+-----------+------------+-----------+--------+------------+
5 rows in set (0.00 sec)

mysql> select * from worker WHERE first_name like "%a";
Empty set (0.00 sec)

mysql> create table Worker(Worker_Id int not null primary key auto_increment,first_name char(25),last_name char(25), salary int, department char(25));
Query OK, 0 rows affected (0.87 sec)

mysql> insert into Worker values(1,"Raghav","Jain",35000,"Manager");
Query OK, 1 row affected (0.07 sec)

mysql> insert into Worker values(2,"Raja","Rathaur",35000,"clerk");
Query OK, 1 row affected (0.06 sec)

mysql> insert into Worker values(3,"seeta","Rajput",33000,"Marketing");
Query OK, 1 row affected (0.06 sec)

mysql> insert into Worker values(4,"Ved","Kapoor",33000,"salesman");
Query OK, 1 row affected (0.16 sec)

mysql> insert into Worker values(5,"Kanika","Kapoor",33000,"HR");
Query OK, 1 row affected (0.06 sec)

mysql> select * from Worker;
+-----------+------------+-----------+--------+------------+
| Worker_Id | first_name | last_name | salary | department |
+-----------+------------+-----------+--------+------------+
|         1 | Raghav     | Jain      |  35000 | Manager    |
|         2 | Raja       | Rathaur   |  35000 | clerk      |
|         3 | seeta      | Rajput    |  33000 | Marketing  |
|         4 | Ved        | Kapoor    |  33000 | salesman   |
|         5 | Kanika     | Kapoor    |  33000 | HR         |
+-----------+------------+-----------+--------+------------+
5 rows in set (0.00 sec)

mysql> select * from Worker WHERE first_name like "%a";
+-----------+------------+-----------+--------+------------+
| Worker_Id | first_name | last_name | salary | department |
+-----------+------------+-----------+--------+------------+
|         2 | Raja       | Rathaur   |  35000 | clerk      |
|         3 | seeta      | Rajput    |  33000 | Marketing  |
|         5 | Kanika     | Kapoor    |  33000 | HR         |
+-----------+------------+-----------+--------+------------+
3 rows in set (0.00 sec)

.........................................................................................................................
.........................................................................................................................
Question-20.Write an SQL Query to print details of the Workers Whose FIRST_NAME Ends with 'H' and contains Six Alphabets.
.........................................................................................................................
.........................................................................................................................


mysql> drop table Worker;
Query OK, 0 rows affected (0.23 sec)

mysql> create table Worker(Worker_Id int not null primary key auto_increment,first_name char(25),last_name char(25), salary int, department char(25));
Query OK, 0 rows affected (0.49 sec)

mysql> insert into Worker values(1,"Ayanshi","Jain",35000,"Manager");
Query OK, 1 row affected (0.05 sec)

mysql> insert into Worker values(2, "Shreyaa","Saini",35000,"Manager");
Query OK, 1 row affected (0.07 sec)

mysql> insert into Worker values(3,"Priynaka","Rajput",33000,"Marketing");
Query OK, 1 row affected (0.06 sec)

mysql> insert into Worker values(4,"Arush","Kapoor",33000,"salesman");
Query OK, 1 row affected (0.07 sec)

mysql> insert into Worker values(5,"Kanika","Kapoor",33000,"HR");
Query OK, 1 row affected (0.05 sec)

mysql> select * from Worker;
+-----------+------------+-----------+--------+------------+
| Worker_Id | first_name | last_name | salary | department |
+-----------+------------+-----------+--------+------------+
|         1 | Ayanshi    | Jain      |  35000 | Manager    |
|         2 | Shreyaa    | Saini     |  35000 | Manager    |
|         3 | Priynaka   | Rajput    |  33000 | Marketing  |
|         4 | Aarush      | Kapoor    |  33000 | salesman   |
|         5 | Kanika     | Kapoor    |  33000 | HR         |
+-----------+------------+-----------+--------+------------+
5 rows in set (0.00 sec)

mysql> select * from worker where first_name like "_____h";
+-----------+------------+-----------+--------+------------+
| Worker_Id | first_name | last_name | salary | department |
+-----------+------------+-----------+--------+------------+
|         4 | Aarush      | Kapoor    |  33000 | salesman   |
+-----------+------------+-----------+--------+------------+
1 row in set (0.00 sec)

mysql> select * from worker where first_name like "______i";
+-----------+------------+-----------+--------+------------+
| Worker_Id | first_name | last_name | salary | department |
+-----------+------------+-----------+--------+------------+
|         1 | Ayanshi    | Jain      |  35000 | Manager    |
+-----------+------------+-----------+--------+------------+
1 row in set (0.00 sec)

...........................................................................................................
...........................................................................................................
Question-21.Write an SQL Query to print Details of the Workers Whose SALARY Lies between 100000 and 500000.
...........................................................................................................
...........................................................................................................
Enter password: ******
Welcome to the MySQL monitor.  Commands end with ; or \g.
Your MySQL connection id is 9
Server version: 8.0.37 MySQL Community Server - GPL

Copyright (c) 2000, 2024, Oracle and/or its affiliates.

Oracle is a registered trademark of Oracle Corporation and/or its
affiliates. Other names may be trademarks of their respective
owners.

Type 'help;' or '\h' for help. Type '\c' to clear the current input statement.

mysql> show databases;
+--------------------+
| Database           |
+--------------------+
| information_schema |
| mydb               |
| mydt               |
| mysql              |
| mysys              |
| mytb               |
| mytv               |
| performance_schema |
| sys                |
+--------------------+
9 rows in set (0.00 sec)
mysql> use mydb;
Database changed
mysql> create table Worker(Worker_Id int not null primary key auto_increment,first_name char(25),last_name char(25),salary int, department char(25));
Query OK, 0 rows affected (0.39 sec)

mysql> insert into Worker values(1,"Raj","Kesheri",200000,"Manager");
Query OK, 1 row affected (0.05 sec)

mysql> insert into Worker values(2,"Saurabh","Saini",50000,"Clerk");
Query OK, 1 row affected (0.06 sec)

mysql> insert into Worker values(3,"Rinku","Jain",400000,"Salesman");
Query OK, 1 row affected (0.05 sec)

mysql> insert into Worker values(4,"Reyasnsh","Sharma",500000,"Salesman");
Query OK, 1 row affected (0.06 sec)

mysql> insert into Worker values(5,"Mahak","Rajput",40000,"Manager");
Query OK, 1 row affected (0.04 sec)

mysql> select * from Worker;
+-----------+------------+-----------+--------+------------+
| Worker_Id | first_name | last_name | salary | department |
+-----------+------------+-----------+--------+------------+
|         1 | Raj        | Kesheri   | 200000 | Manager    |
|         2 | Saurabh    | Saini     |  50000 | Clerk      |
|         3 | Rinku      | Jain      | 400000 | Salesman   |
|         4 | Reyasnsh   | Sharma    | 500000 | Salesman   |
|         5 | Mahak      | Rajput    |  40000 | Manager    |
+-----------+------------+-----------+--------+------------+
5 rows in set (0.00 sec)

mysql> select * from Worker Where salary BETWEEN 100000 and 500000;
+-----------+------------+-----------+--------+------------+
| Worker_Id | first_name | last_name | salary | department |
+-----------+------------+-----------+--------+------------+
|         1 | Raj        | Kesheri   | 200000 | Manager    |
|         3 | Rinku      | Jain      | 400000 | Salesman   |
|         4 | Reyasnsh   | Sharma    | 500000 | Salesman   |
+-----------+------------+-----------+--------+------------+
3 rows in set (0.00 sec)

......................................................................................
......................................................................................
Question-22.Write an SQL Query to print details of the Workers who joined in feb 2021.
......................................................................................
......................................................................................

Enter password: ******
Welcome to the MySQL monitor.  Commands end with ; or \g.
Your MySQL connection id is 9
Server version: 8.0.37 MySQL Community Server - GPL

Copyright (c) 2000, 2024, Oracle and/or its affiliates.

Oracle is a registered trademark of Oracle Corporation and/or its
affiliates. Other names may be trademarks of their respective
owners.

Type 'help;' or '\h' for help. Type '\c' to clear the current input statement.

mysql> show databases;
+--------------------+
| Database           |
+--------------------+
| information_schema |
| mydb               |
| mydt               |
| mysql              |
| mysys              |
| mytb               |
| mytv               |
| performance_schema |
| sys                |
+--------------------+
9 rows in set (0.00 sec)
mysql> use mydb;
Database changed
mysql> create table Worker(Worker_Id int not null primary key auto_increment,first_name char(25),last_name char(25),salary int, department char(25), joined_date datetime);
Query OK, 0 rows affected (0.29 sec)

mysql> insert into Worker values(1,"Manali","Shah",36000,"Manager","2021-02-02");
Query OK, 1 row affected (0.08 sec)

mysql> insert into Worker values(2,"Raghav","Gupta",35000,"clerk","2022-03-04");
Query OK, 1 row affected (0.06 sec)

mysql> insert into Worker values(3,"Ayansh","Rathuar",35000,"clerk","2021-02-02");
Query OK, 1 row affected (0.07 sec)

mysql> insert into Worker values(4,"Ayushi","Rohra",33000,"Bank","2021-06-09");
Query OK, 1 row affected (0.07 sec)

mysql> insert into Worker values(5,"Himanshu","Varma",30000,"Salesman","2024-06-02");
Query OK, 1 row affected (0.08 sec)

mysql> select * from Worker;
+-----------+------------+-----------+--------+------------+---------------------+
| Worker_Id | first_name | last_name | salary | department | joined_date         |
+-----------+------------+-----------+--------+------------+---------------------+
|         1 | Manali     | Shah      |  36000 | Manager    | 2021-02-02 00:00:00 |
|         2 | Raghav     | Gupta     |  35000 | clerk      | 2022-03-04 00:00:00 |
|         3 | Ayansh     | Rathuar   |  35000 | clerk      | 2021-02-02 00:00:00 |
|         4 | Ayushi     | Rohra     |  33000 | Bank       | 2021-06-09 00:00:00 |
|         5 | Himanshu   | Varma     |  30000 | Salesman   | 2024-06-02 00:00:00 |
+-----------+------------+-----------+--------+------------+---------------------+
5 rows in set (0.00 sec)

mysql> select * from Worker where joined_date like "2021-02%";
+-----------+------------+-----------+--------+------------+---------------------+
| Worker_Id | first_name | last_name | salary | department | joined_date         |
+-----------+------------+-----------+--------+------------+---------------------+
|         1 | Manali     | Shah      |  36000 | Manager    | 2021-02-02 00:00:00 |
|         3 | Ayansh     | Rathuar   |  35000 | clerk      | 2021-02-02 00:00:00 |
+-----------+------------+-----------+--------+------------+---------------------+
2 rows in set (0.00 sec)

mysql> select * from Worker where year(joined_date) = 2021 and month(joined_date) =2;
+-----------+------------+-----------+--------+------------+---------------------+
| Worker_Id | first_name | last_name | salary | department | joined_date         |
+-----------+------------+-----------+--------+------------+---------------------+
|         1 | Manali     | Shah      |  36000 | Manager    | 2021-02-02 00:00:00 |
|         3 | Ayansh     | Rathuar   |  35000 | clerk      | 2021-02-02 00:00:00 |
+-----------+------------+-----------+--------+------------+---------------------+
2 rows in set (0.03 sec)

...................................................................................................
...................................................................................................
Questions-23.Write an SQL Query to fetch the count of employees working in the department 'Admin'..
...................................................................................................
...................................................................................................
Enter password: ******
Welcome to the MySQL monitor.  Commands end with ; or \g.
Your MySQL connection id is 9
Server version: 8.0.37 MySQL Community Server - GPL

Copyright (c) 2000, 2024, Oracle and/or its affiliates.

Oracle is a registered trademark of Oracle Corporation and/or its
affiliates. Other names may be trademarks of their respective
owners.

Type 'help;' or '\h' for help. Type '\c' to clear the current input statement.

mysql> show databases;
+--------------------+
| Database           |
+--------------------+
| information_schema |
| mydb               |
| mydt               |
| mysql              |
| mysys              |
| mytb               |
| mytv               |
| performance_schema |
| sys                |
+--------------------+
9 rows in set (0.00 sec)
mysql> use mydb;
Database changed
mysql> create table Worker(Worker_Id int not null primary key auto_increment,first_name char(25),last_name char(25),salary int, department char(25), joined_date datetime);
Query OK, 0 rows affected (0.29 sec)

mysql> insert into Worker values(1,"Manali","Shah",36000,"Manager","2021-02-02");
Query OK, 1 row affected (0.08 sec)

mysql> insert into Worker values(2,"Raghav","Gupta",35000,"clerk","2022-03-04");
Query OK, 1 row affected (0.06 sec)

mysql> insert into Worker values(3,"Ayansh","Rathuar",35000,"clerk","2021-02-02");
Query OK, 1 row affected (0.07 sec)

mysql> insert into Worker values(4,"Ayushi","Rohra",33000,"Bank","2021-06-09");
Query OK, 1 row affected (0.07 sec)

mysql> insert into Worker values(5,"Himanshu","Varma",30000,"Salesman","2024-06-02");
Query OK, 1 row affected (0.08 sec)

mysql> select * from Worker;
+-----------+------------+-----------+--------+------------+---------------------+
| Worker_Id | first_name | last_name | salary | department | joined_date         |
+-----------+------------+-----------+--------+------------+---------------------+
|         1 | Manali     | Shah      |  36000 | Manager    | 2021-02-02 00:00:00 |
|         2 | Raghav     | Gupta     |  35000 | clerk      | 2022-03-04 00:00:00 |
|         3 | Ayansh     | Rathuar   |  35000 | clerk      | 2021-02-02 00:00:00 |
|         4 | Ayushi     | Rohra     |  33000 | Bank       | 2021-06-09 00:00:00 |
|         5 | Himanshu   | Varma     |  30000 | Salesman   | 2024-06-02 00:00:00 |
+-----------+------------+-----------+--------+------------+---------------------+
5 rows in set (0.00 sec)

mysql> select count(*) from Worker where department ="Admin";
+----------+
| count(*) |
+----------+
|        0 |
+----------+
1 row in set (0.03 sec)

mysql> select count(*) from Worker where department ="clerk";
+----------+
| count(*) |
+----------+
|        2 |
+----------+
1 row in set (0.00 sec)

mysql> select count(*) from Worker where department ="Manager";
+----------+
| count(*) |
+----------+
|        1 |
+----------+
1 row in set (0.00 sec)

mysql> select count(*) from Worker where department ="salesman";
+----------+
| count(*) |
+----------+
|        1 |
+----------+
1 row in set (0.00 sec)

........................................................................................
........................................................................................
Question-24.Write an SQL Query to fetch worker names with salaries>=50000 and <=100000..
........................................................................................
........................................................................................

........................................................................................................
........................................................................................................
Question-25. Write an SQL Query to fetch the number of workers for each  department on descending order.
........................................................................................................
........................................................................................................

Enter password: ******
Welcome to the MySQL monitor.  Commands end with ; or \g.
Your MySQL connection id is 9
Server version: 8.0.37 MySQL Community Server - GPL

Copyright (c) 2000, 2024, Oracle and/or its affiliates.

Oracle is a registered trademark of Oracle Corporation and/or its
affiliates. Other names may be trademarks of their respective
owners.

Type 'help;' or '\h' for help. Type '\c' to clear the current input statement.

mysql> show databases;
+--------------------+
| Database           |
+--------------------+
| information_schema |
| mydb               |
| mydt               |
| mysql              |
| mysys              |
| mytb               |
| mytv               |
| performance_schema |
| sys                |
+--------------------+
9 rows in set (0.00 sec)
mysql> use mydb;
Database changed

mysql> create table Worker(Worker_Id int not null primary key auto_increment,first_name char(25),last_name char(25),salary int, department char(25));
Query OK, 0 rows affected (0.73 sec)

mysql> insert into Worker values(1,"Priynka","Shah",36000,"Manager");
Query OK, 1 row affected (0.04 sec)

mysql> insert into Worker values(2,"Raghav","Gupta",50000,"clerk");
Query OK, 1 row affected (0.07 sec)

mysql> insert into Worker values(3,"Ayansh","Rathuar",1200000,"Bank Manager");
Query OK, 1 row affected (0.09 sec)

mysql> insert into Worker values(4,"Ayushi","Rohra",60000,"HR");
Query OK, 1 row affected (0.07 sec)

mysql> insert into Worker values(5,"Himanshu","Varma",30000,"Salesman");
Query OK, 1 row affected (0.06 sec)

mysql> select * from Worker;
+-----------+------------+-----------+---------+--------------+
| Worker_Id | first_name | last_name | salary  | department   |
+-----------+------------+-----------+---------+--------------+
|         1 | Priynka    | Shah      |   36000 | Manager      |
|         2 | Raghav     | Gupta     |   50000 | clerk        |
|         3 | Ayansh     | Rathuar   | 1200000 | Bank Manager |
|         4 | Ayushi     | Rohra     |   60000 | HR           |
|         5 | Himanshu   | Varma     |   30000 | Salesman     |
+-----------+------------+-----------+---------+--------------+
5 rows in set (0.00 sec)

mysql> select department, count(worker_id) as num from worker group by department order by num desc;
+--------------+-----+
| department   | num |
+--------------+-----+
| Manager      |   1 |
| clerk        |   1 |
| Bank Manager |   1 |
| HR           |   1 |
| Salesman     |   1 |
+--------------+-----+

5 rows in set (0.00 sec)

.......................................................................................
.......................................................................................
Question-26. Write an SQL query to print details of the Workers who are also Managers..
........................................................................................
........................................................................................

mysql> select * from worker;
+-----------+------------+-----------+--------+---------------------+------------+
| WORKER_ID | FIRST_NAME | LAST_NAME | SALARY | JOINING_DATE        | DEPARTMENT |
+-----------+------------+-----------+--------+---------------------+------------+
|         1 | Monika     | Arora     | 100000 | 2021-02-20 09:00:00 | HR         |
|         2 | Niharika   | Verma     |  80000 | 2021-06-11 09:00:00 | Admin      |
|         3 | Vishal     | Singhal   | 300000 | 2021-02-20 09:00:00 | HR         |
|         4 | Amitabh    | Singh     | 500000 | 2021-02-20 09:00:00 | Admin      |
|         5 | Vivek      | Bhati     | 500000 | 2021-06-11 09:00:00 | Admin      |
|         6 | Vipul      | Diwan     | 200000 | 2021-06-11 09:00:00 | Account    |
|         7 | Satish     | Kumar     |  75000 | 2021-01-20 09:00:00 | Account    |
|         8 | Geetika    | Chauhan   |  90000 | 2021-04-11 09:00:00 | Admin      |
+-----------+------------+-----------+--------+---------------------+------------+
8 rows in set (0.00 sec)

mysql> select * from title;
+---------------+---------------+---------------------+
| WORKER_REF_ID | WORKER_TITLE  | AFFECTED_FROM       |
+---------------+---------------+---------------------+
|             1 | Manager       | 2023-02-20 00:00:00 |
|             2 | Executive     | 2023-06-11 00:00:00 |
|             8 | Executive     | 2023-06-11 00:00:00 |
|             5 | Manager       | 2023-06-11 00:00:00 |
|             4 | Asst. Manager | 2023-06-11 00:00:00 |
|             7 | Executive     | 2023-06-11 00:00:00 |
|             6 | Lead          | 2023-06-11 00:00:00 |
|             3 | Lead          | 2023-06-11 00:00:00 |
+---------------+---------------+---------------------+
8 rows in set (0.00 sec)

mysql> SELECT DISTINCT W.FIRST_NAME, T.WORKER_TITLE
    -> FROM Worker W
    -> INNER JOIN Title T
    -> ON W.WORKER_ID = T.WORKER_REF_ID
    -> AND T.WORKER_TITLE in ('Manager');
+------------+--------------+
| FIRST_NAME | WORKER_TITLE |
+------------+--------------+
| Monika     | Manager      |
| Vivek      | Manager      |
+------------+--------------+
2 rows in set (0.00 sec)

..........................................................................................................
..........................................................................................................
Question-27. Write an SQL query to fetch duplicate records having matching data in some fields of a table.
..........................................................................................................
..........................................................................................................


mysql> select * from worker;
+-----------+------------+-----------+--------+---------------------+------------+
| WORKER_ID | FIRST_NAME | LAST_NAME | SALARY | JOINING_DATE        | DEPARTMENT |
+-----------+------------+-----------+--------+---------------------+------------+
|         1 | Monika     | Arora     | 100000 | 2021-02-20 09:00:00 | HR         |
|         2 | Niharika   | Verma     |  80000 | 2021-06-11 09:00:00 | Admin      |
|         3 | Vishal     | Singhal   | 300000 | 2021-02-20 09:00:00 | HR         |
|         4 | Amitabh    | Singh     | 500000 | 2021-02-20 09:00:00 | Admin      |
|         5 | Vivek      | Bhati     | 500000 | 2021-06-11 09:00:00 | Admin      |
|         6 | Vipul      | Diwan     | 200000 | 2021-06-11 09:00:00 | Account    |
|         7 | Satish     | Kumar     |  75000 | 2021-01-20 09:00:00 | Account    |
|         8 | Geetika    | Chauhan   |  90000 | 2021-04-11 09:00:00 | Admin      |
+-----------+------------+-----------+--------+---------------------+------------+
8 rows in set (0.00 sec)

mysql> select * from title;
+---------------+---------------+---------------------+
| WORKER_REF_ID | WORKER_TITLE  | AFFECTED_FROM       |
+---------------+---------------+---------------------+
|             1 | Manager       | 2023-02-20 00:00:00 |
|             2 | Executive     | 2023-06-11 00:00:00 |
|             8 | Executive     | 2023-06-11 00:00:00 |
|             5 | Manager       | 2023-06-11 00:00:00 |
|             4 | Asst. Manager | 2023-06-11 00:00:00 |
|             7 | Executive     | 2023-06-11 00:00:00 |
|             6 | Lead          | 2023-06-11 00:00:00 |
|             3 | Lead          | 2023-06-11 00:00:00 |
+---------------+---------------+---------------------+
8 rows in set (0.00 sec)

mysql> SELECT WORKER_TITLE, AFFECTED_FROM, COUNT(*)
    -> FROM Title
    -> GROUP BY WORKER_TITLE, AFFECTED_FROM
    -> HAVING COUNT(*) > 1;
+--------------+---------------------+----------+
| WORKER_TITLE | AFFECTED_FROM       | COUNT(*) |
+--------------+---------------------+----------+
| Executive    | 2023-06-11 00:00:00 |        3 |
| Lead         | 2023-06-11 00:00:00 |        2 |
+--------------+---------------------+----------+
2 rows in set (0.00 sec)

...................................................................
...................................................................
Question-28. Write an SQL query to show only odd rows from a table.
...................................................................
...................................................................

mysql> SELECT * FROM Worker WHERE MOD (WORKER_ID, 2) <> 0;
+-----------+------------+-----------+--------+---------------------+------------+
| WORKER_ID | FIRST_NAME | LAST_NAME | SALARY | JOINING_DATE        | DEPARTMENT |
+-----------+------------+-----------+--------+---------------------+------------+
|         1 | Monika     | Arora     | 100000 | 2021-02-20 09:00:00 | HR         |
|         3 | Vishal     | Singhal   | 300000 | 2021-02-20 09:00:00 | HR         |
|         5 | Vivek      | Bhati     | 500000 | 2021-06-11 09:00:00 | Admin      |
|         7 | Satish     | Kumar     |  75000 | 2021-01-20 09:00:00 | Account    |
+-----------+------------+-----------+--------+---------------------+------------+
4 rows in set (0.00 sec)

....................................................................
....................................................................
Question-29. Write an SQL query to show only even rows from a table.
....................................................................
....................................................................

mysql> SELECT * FROM Worker WHERE MOD (WORKER_ID, 2) = 0;
+-----------+------------+-----------+--------+---------------------+------------+
| WORKER_ID | FIRST_NAME | LAST_NAME | SALARY | JOINING_DATE        | DEPARTMENT |
+-----------+------------+-----------+--------+---------------------+------------+
|         2 | Niharika   | Verma     |  80000 | 2021-06-11 09:00:00 | Admin      |
|         4 | Amitabh    | Singh     | 500000 | 2021-02-20 09:00:00 | Admin      |
|         6 | Vipul      | Diwan     | 200000 | 2021-06-11 09:00:00 | Account    |
|         8 | Geetika    | Chauhan   |  90000 | 2021-04-11 09:00:00 | Admin      |
+-----------+------------+-----------+--------+---------------------+------------+
4 rows in set (0.00 sec)
................................................................
................................................................
Q-30 Write an SQL query to clone a new table from another table.
................................................................
................................................................

mysql> show tables;
+----------------+
| Tables_in_mydb |
+----------------+
| bonus          |
| title          |
| worker         |
| workerclonee   |
+----------------+
4 rows in set (0.00 sec)

mysql> select * from workerclonee;
+-----------+------------+-----------+--------+---------------------+------------+
| WORKER_ID | FIRST_NAME | LAST_NAME | SALARY | JOINING_DATE        | DEPARTMENT |
+-----------+------------+-----------+--------+---------------------+------------+
|         1 | Monika     | Arora     | 100000 | 2021-02-20 09:00:00 | HR         |
|         2 | Niharika   | Verma     |  80000 | 2021-06-11 09:00:00 | Admin      |
|         3 | Vishal     | Singhal   | 300000 | 2021-02-20 09:00:00 | HR         |
|         4 | Amitabh    | Singh     | 500000 | 2021-02-20 09:00:00 | Admin      |
|         5 | Vivek      | Bhati     | 500000 | 2021-06-11 09:00:00 | Admin      |
|         6 | Vipul      | Diwan     | 200000 | 2021-06-11 09:00:00 | Account    |
|         7 | Satish     | Kumar     |  75000 | 2021-01-20 09:00:00 | Account    |
|         8 | Geetika    | Chauhan   |  90000 | 2021-04-11 09:00:00 | Admin      |
+-----------+------------+-----------+--------+---------------------+------------+
8 rows in set (0.00 sec)

mysql> insert into workerclonee select * from worker;
Query OK, 8 rows affected (0.09 sec)
Records: 8  Duplicates: 0  Warnings: 0

mysql> select * from workerclonee;
+-----------+------------+-----------+--------+---------------------+------------+
| WORKER_ID | FIRST_NAME | LAST_NAME | SALARY | JOINING_DATE        | DEPARTMENT |
+-----------+------------+-----------+--------+---------------------+------------+
|         1 | Monika     | Arora     | 100000 | 2021-02-20 09:00:00 | HR         |
|         2 | Niharika   | Verma     |  80000 | 2021-06-11 09:00:00 | Admin      |
|         3 | Vishal     | Singhal   | 300000 | 2021-02-20 09:00:00 | HR         |
|         4 | Amitabh    | Singh     | 500000 | 2021-02-20 09:00:00 | Admin      |
|         5 | Vivek      | Bhati     | 500000 | 2021-06-11 09:00:00 | Admin      |
|         6 | Vipul      | Diwan     | 200000 | 2021-06-11 09:00:00 | Account    |
|         7 | Satish     | Kumar     |  75000 | 2021-01-20 09:00:00 | Account    |
|         8 | Geetika    | Chauhan   |  90000 | 2021-04-11 09:00:00 | Admin      |
|         1 | Monika     | Arora     | 100000 | 2021-02-20 09:00:00 | HR         |
|         2 | Niharika   | Verma     |  80000 | 2021-06-11 09:00:00 | Admin      |
|         3 | Vishal     | Singhal   | 300000 | 2021-02-20 09:00:00 | HR         |
|         4 | Amitabh    | Singh     | 500000 | 2021-02-20 09:00:00 | Admin      |
|         5 | Vivek      | Bhati     | 500000 | 2021-06-11 09:00:00 | Admin      |
|         6 | Vipul      | Diwan     | 200000 | 2021-06-11 09:00:00 | Account    |
|         7 | Satish     | Kumar     |  75000 | 2021-01-20 09:00:00 | Account    |
|         8 | Geetika    | Chauhan   |  90000 | 2021-04-11 09:00:00 | Admin      |
+-----------+------------+-----------+--------+---------------------+------------+
16 rows in set (0.00 sec)

............................................................................
............................................................................
Question-31. Write an SQL query to fetch intersecting records of two tables.
............................................................................
............................................................................
mysql> select * from Worker;
+-----------+------------+-----------+--------+---------------------+------------+
| WORKER_ID | FIRST_NAME | LAST_NAME | SALARY | JOINING_DATE        | DEPARTMENT |
+-----------+------------+-----------+--------+---------------------+------------+
|         1 | Monika     | Arora     | 100000 | 2021-02-20 09:00:00 | HR         |
|         2 | Niharika   | Verma     |  80000 | 2021-06-11 09:00:00 | Admin      |
|         3 | Vishal     | Singhal   | 300000 | 2021-02-20 09:00:00 | HR         |
|         4 | Amitabh    | Singh     | 500000 | 2021-02-20 09:00:00 | Admin      |
|         5 | Vivek      | Bhati     | 500000 | 2021-06-11 09:00:00 | Admin      |
|         6 | Vipul      | Diwan     | 200000 | 2021-06-11 09:00:00 | Account    |
|         7 | Satish     | Kumar     |  75000 | 2021-01-20 09:00:00 | Account    |
|         8 | Geetika    | Chauhan   |  90000 | 2021-04-11 09:00:00 | Admin      |
+-----------+------------+-----------+--------+---------------------+------------+
8 rows in set (0.07 sec)

mysql> select * from Workerclonee;
+-----------+------------+-----------+--------+---------------------+------------+
| WORKER_ID | FIRST_NAME | LAST_NAME | SALARY | JOINING_DATE        | DEPARTMENT |
+-----------+------------+-----------+--------+---------------------+------------+
|         1 | Monika     | Arora     | 100000 | 2021-02-20 09:00:00 | HR         |
|         2 | Niharika   | Verma     |  80000 | 2021-06-11 09:00:00 | Admin      |
|         3 | Vishal     | Singhal   | 300000 | 2021-02-20 09:00:00 | HR         |
|         4 | Amitabh    | Singh     | 500000 | 2021-02-20 09:00:00 | Admin      |
|         5 | Vivek      | Bhati     | 500000 | 2021-06-11 09:00:00 | Admin      |
|         6 | Vipul      | Diwan     | 200000 | 2021-06-11 09:00:00 | Account    |
|         7 | Satish     | Kumar     |  75000 | 2021-01-20 09:00:00 | Account    |
|         8 | Geetika    | Chauhan   |  90000 | 2021-04-11 09:00:00 | Admin      |
|         1 | Monika     | Arora     | 100000 | 2021-02-20 09:00:00 | HR         |
|         2 | Niharika   | Verma     |  80000 | 2021-06-11 09:00:00 | Admin      |
|         3 | Vishal     | Singhal   | 300000 | 2021-02-20 09:00:00 | HR         |
|         4 | Amitabh    | Singh     | 500000 | 2021-02-20 09:00:00 | Admin      |
|         5 | Vivek      | Bhati     | 500000 | 2021-06-11 09:00:00 | Admin      |
|         6 | Vipul      | Diwan     | 200000 | 2021-06-11 09:00:00 | Account    |
|         7 | Satish     | Kumar     |  75000 | 2021-01-20 09:00:00 | Account    |
|         8 | Geetika    | Chauhan   |  90000 | 2021-04-11 09:00:00 | Admin      |
+-----------+------------+-----------+--------+---------------------+------------+
16 rows in set (0.00 sec)

mysql> (select * from Worker) intersect (select * from Workerclonee);
+-----------+------------+-----------+--------+---------------------+------------+
| WORKER_ID | FIRST_NAME | LAST_NAME | SALARY | JOINING_DATE        | DEPARTMENT |
+-----------+------------+-----------+--------+---------------------+------------+
|         1 | Monika     | Arora     | 100000 | 2021-02-20 09:00:00 | HR         |
|         2 | Niharika   | Verma     |  80000 | 2021-06-11 09:00:00 | Admin      |
|         3 | Vishal     | Singhal   | 300000 | 2021-02-20 09:00:00 | HR         |
|         4 | Amitabh    | Singh     | 500000 | 2021-02-20 09:00:00 | Admin      |
|         5 | Vivek      | Bhati     | 500000 | 2021-06-11 09:00:00 | Admin      |
|         6 | Vipul      | Diwan     | 200000 | 2021-06-11 09:00:00 | Account    |
|         7 | Satish     | Kumar     |  75000 | 2021-01-20 09:00:00 | Account    |
|         8 | Geetika    | Chauhan   |  90000 | 2021-04-11 09:00:00 | Admin      |
+-----------+------------+-----------+--------+---------------------+------------+
8 rows in set (0.00 sec)


.................................................................
.................................................................
Qestion-31. Write an SQL query to show the current date and time.
.................................................................
.................................................................

 ORDER BY Salary DES' at line 1
mysql> SELECT CURDATE();
+------------+
| CURDATE()  |
+------------+
| 2024-06-01 |
+------------+
1 row in set (0.02 sec)

mysql> SELECT NOW();
+---------------------+
| NOW()               |
+---------------------+
| 2024-06-01 14:34:09 |
+---------------------+
1 row in set (0.00 sec)

.............................................................................
.............................................................................
Qustion-32. Write an SQL query to show the top n (say 10) records of a table.
.............................................................................
.............................................................................

mysql> select * from Worker;
+-----------+------------+-----------+--------+---------------------+------------+
| WORKER_ID | FIRST_NAME | LAST_NAME | SALARY | JOINING_DATE        | DEPARTMENT |
+-----------+------------+-----------+--------+---------------------+------------+
|         1 | Monika     | Arora     | 100000 | 2021-02-20 09:00:00 | HR         |
|         2 | Niharika   | Verma     |  80000 | 2021-06-11 09:00:00 | Admin      |
|         3 | Vishal     | Singhal   | 300000 | 2021-02-20 09:00:00 | HR         |
|         4 | Amitabh    | Singh     | 500000 | 2021-02-20 09:00:00 | Admin      |
|         5 | Vivek      | Bhati     | 500000 | 2021-06-11 09:00:00 | Admin      |
|         6 | Vipul      | Diwan     | 200000 | 2021-06-11 09:00:00 | Account    |
|         7 | Satish     | Kumar     |  75000 | 2021-01-20 09:00:00 | Account    |
|         8 | Geetika    | Chauhan   |  90000 | 2021-04-11 09:00:00 | Admin      |
+-----------+------------+-----------+--------+---------------------+------------+
8 rows in set (0.00 sec)
mysql> SELECT * FROM Worker ORDER BY Salary DESC LIMIT 10;
+-----------+------------+-----------+--------+---------------------+------------+
| WORKER_ID | FIRST_NAME | LAST_NAME | SALARY | JOINING_DATE        | DEPARTMENT |
+-----------+------------+-----------+--------+---------------------+------------+
|         4 | Amitabh    | Singh     | 500000 | 2021-02-20 09:00:00 | Admin      |
|         5 | Vivek      | Bhati     | 500000 | 2021-06-11 09:00:00 | Admin      |
|         3 | Vishal     | Singhal   | 300000 | 2021-02-20 09:00:00 | HR         |
|         6 | Vipul      | Diwan     | 200000 | 2021-06-11 09:00:00 | Account    |
|         1 | Monika     | Arora     | 100000 | 2021-02-20 09:00:00 | HR         |
|         8 | Geetika    | Chauhan   |  90000 | 2021-04-11 09:00:00 | Admin      |
|         2 | Niharika   | Verma     |  80000 | 2021-06-11 09:00:00 | Admin      |
|         7 | Satish     | Kumar     |  75000 | 2021-01-20 09:00:00 | Account    |
+-----------+------------+-----------+--------+---------------------+------------+
8 rows in set (0.00 sec)

...........................................................................................
...........................................................................................
Question-33. Write an SQL query to determine the nth (say n=5) highest salary from a table.
...........................................................................................
...........................................................................................
mysql> select * from Worker;
+-----------+------------+-----------+--------+---------------------+------------+
| WORKER_ID | FIRST_NAME | LAST_NAME | SALARY | JOINING_DATE        | DEPARTMENT |
+-----------+------------+-----------+--------+---------------------+------------+
|         1 | Monika     | Arora     | 100000 | 2021-02-20 09:00:00 | HR         |
|         2 | Niharika   | Verma     |  80000 | 2021-06-11 09:00:00 | Admin      |
|         3 | Vishal     | Singhal   | 300000 | 2021-02-20 09:00:00 | HR         |
|         4 | Amitabh    | Singh     | 500000 | 2021-02-20 09:00:00 | Admin      |
|         5 | Vivek      | Bhati     | 500000 | 2021-06-11 09:00:00 | Admin      |
|         6 | Vipul      | Diwan     | 200000 | 2021-06-11 09:00:00 | Account    |
|         7 | Satish     | Kumar     |  75000 | 2021-01-20 09:00:00 | Account    |
|         8 | Geetika    | Chauhan   |  90000 | 2021-04-11 09:00:00 | Admin      |
+-----------+------------+-----------+--------+---------------------+------------+
8 rows in set (0.00 sec)

mysql> SELECT distinct Salary from worker a WHERE 5 >= (SELECT count(distinct Salary) from worker b WHERE a.Salary <= b.Salary) order by a.Salary desc;
+--------+
| Salary |
+--------+
| 500000 |
| 300000 |
| 200000 |
| 100000 |
|  90000 |
+--------+
5 rows in set (0.00 sec)


..........................................................................................................
..........................................................................................................
Question-34. Write an SQL query to determine the 5th highest salary without using the TOP or limit method.
..........................................................................................................
..........................................................................................................
mysql> select * from Worker;
+-----------+------------+-----------+--------+---------------------+------------+
| WORKER_ID | FIRST_NAME | LAST_NAME | SALARY | JOINING_DATE        | DEPARTMENT |
+-----------+------------+-----------+--------+---------------------+------------+
|         1 | Monika     | Arora     | 100000 | 2021-02-20 09:00:00 | HR         |
|         2 | Niharika   | Verma     |  80000 | 2021-06-11 09:00:00 | Admin      |
|         3 | Vishal     | Singhal   | 300000 | 2021-02-20 09:00:00 | HR         |
|         4 | Amitabh    | Singh     | 500000 | 2021-02-20 09:00:00 | Admin      |
|         5 | Vivek      | Bhati     | 500000 | 2021-06-11 09:00:00 | Admin      |
|         6 | Vipul      | Diwan     | 200000 | 2021-06-11 09:00:00 | Account    |
|         7 | Satish     | Kumar     |  75000 | 2021-01-20 09:00:00 | Account    |
|         8 | Geetika    | Chauhan   |  90000 | 2021-04-11 09:00:00 | Admin      |
+-----------+------------+-----------+--------+---------------------+------------+
8 rows in set (0.00 sec)
mysql> SELECT Salary
    -> FROM Worker W1
    -> WHERE 4 = (
    ->  SELECT COUNT( DISTINCT ( W2.Salary ) )
    ->  FROM Worker W2
    ->  WHERE W2.Salary >= W1.Salary
    ->  );
+--------+
| Salary |
+--------+
| 100000 |
+--------+
1 row in set (0.07 sec)

....................................................................................
....................................................................................
Question-35. Write an SQL query to fetch the list of employees with the same salary.
....................................................................................
....................................................................................

mysql> select * from Worker;
+-----------+------------+-----------+--------+---------------------+------------+
| WORKER_ID | FIRST_NAME | LAST_NAME | SALARY | JOINING_DATE        | DEPARTMENT |
+-----------+------------+-----------+--------+---------------------+------------+
|         1 | Monika     | Arora     | 100000 | 2021-02-20 09:00:00 | HR         |
|         2 | Niharika   | Verma     |  80000 | 2021-06-11 09:00:00 | Admin      |
|         3 | Vishal     | Singhal   | 300000 | 2021-02-20 09:00:00 | HR         |
|         4 | Amitabh    | Singh     | 500000 | 2021-02-20 09:00:00 | Admin      |
|         5 | Vivek      | Bhati     | 500000 | 2021-06-11 09:00:00 | Admin      |
|         6 | Vipul      | Diwan     | 200000 | 2021-06-11 09:00:00 | Account    |
|         7 | Satish     | Kumar     |  75000 | 2021-01-20 09:00:00 | Account    |
|         8 | Geetika    | Chauhan   |  90000 | 2021-04-11 09:00:00 | Admin      |
+-----------+------------+-----------+--------+---------------------+------------+
8 rows in set (0.00 sec)

mysql> Select distinct W.WORKER_ID, W.FIRST_NAME, W.Salary
    -> from Worker W, Worker W1
    -> where W.Salary = W1.Salary
    -> and W.WORKER_ID != W1.WORKER_ID;
+-----------+------------+--------+
| WORKER_ID | FIRST_NAME | Salary |
+-----------+------------+--------+
|         5 | Vivek      | 500000 |
|         4 | Amitabh    | 500000 |
+-----------+------------+--------+
2 rows in set (0.00 sec)

...............................................................................
...............................................................................
Question-36. Write an SQL query to show the second-highest salary from a table.
...............................................................................
...............................................................................

mysql> select * from Worker;
+-----------+------------+-----------+--------+---------------------+------------+
| WORKER_ID | FIRST_NAME | LAST_NAME | SALARY | JOINING_DATE        | DEPARTMENT |
+-----------+------------+-----------+--------+---------------------+------------+
|         1 | Monika     | Arora     | 100000 | 2021-02-20 09:00:00 | HR         |
|         2 | Niharika   | Verma     |  80000 | 2021-06-11 09:00:00 | Admin      |
|         3 | Vishal     | Singhal   | 300000 | 2021-02-20 09:00:00 | HR         |
|         4 | Amitabh    | Singh     | 500000 | 2021-02-20 09:00:00 | Admin      |
|         5 | Vivek      | Bhati     | 500000 | 2021-06-11 09:00:00 | Admin      |
|         6 | Vipul      | Diwan     | 200000 | 2021-06-11 09:00:00 | Account    |
|         7 | Satish     | Kumar     |  75000 | 2021-01-20 09:00:00 | Account    |
|         8 | Geetika    | Chauhan   |  90000 | 2021-04-11 09:00:00 | Admin      |
+-----------+------------+-----------+--------+---------------------+------------+
8 rows in set (0.00 sec)

mysql> Select max(Salary) from Worker
    -> where Salary not in (Select max(Salary) from Worker);
+-------------+
| max(Salary) |
+-------------+
|      300000 |
+-------------+
1 row in set (0.02 sec)

..................................................................................
..................................................................................
Question-37. Write an SQL query to show one row twice in the results from a table.
..................................................................................
..................................................................................
mysql> select * from Worker;
+-----------+------------+-----------+--------+---------------------+------------+
| WORKER_ID | FIRST_NAME | LAST_NAME | SALARY | JOINING_DATE        | DEPARTMENT |
+-----------+------------+-----------+--------+---------------------+------------+
|         1 | Monika     | Arora     | 100000 | 2021-02-20 09:00:00 | HR         |
|         2 | Niharika   | Verma     |  80000 | 2021-06-11 09:00:00 | Admin      |
|         3 | Vishal     | Singhal   | 300000 | 2021-02-20 09:00:00 | HR         |
|         4 | Amitabh    | Singh     | 500000 | 2021-02-20 09:00:00 | Admin      |
|         5 | Vivek      | Bhati     | 500000 | 2021-06-11 09:00:00 | Admin      |
|         6 | Vipul      | Diwan     | 200000 | 2021-06-11 09:00:00 | Account    |
|         7 | Satish     | Kumar     |  75000 | 2021-01-20 09:00:00 | Account    |
|         8 | Geetika    | Chauhan   |  90000 | 2021-04-11 09:00:00 | Admin      |
+-----------+------------+-----------+--------+---------------------+------------+
8 rows in set (0.00 sec)

mysql> select FIRST_NAME, DEPARTMENT from worker W where W.DEPARTMENT='HR'
    -> union all
    -> select FIRST_NAME, DEPARTMENT from Worker W1 where W1.DEPARTMENT='HR';
+------------+------------+
| FIRST_NAME | DEPARTMENT |
+------------+------------+
| Monika     | HR         |
| Vishal     | HR         |
| Monika     | HR         |
| Vishal     | HR         |
+------------+------------+
4 rows in set (0.02 sec)

............................................................................
............................................................................
Question-38. Write an SQL query to fetch intersecting records of two tables.
............................................................................
............................................................................
mysql> select * from Worker;
+-----------+------------+-----------+--------+---------------------+------------+
| WORKER_ID | FIRST_NAME | LAST_NAME | SALARY | JOINING_DATE        | DEPARTMENT |
+-----------+------------+-----------+--------+---------------------+------------+
|         1 | Monika     | Arora     | 100000 | 2021-02-20 09:00:00 | HR         |
|         2 | Niharika   | Verma     |  80000 | 2021-06-11 09:00:00 | Admin      |
|         3 | Vishal     | Singhal   | 300000 | 2021-02-20 09:00:00 | HR         |
|         4 | Amitabh    | Singh     | 500000 | 2021-02-20 09:00:00 | Admin      |
|         5 | Vivek      | Bhati     | 500000 | 2021-06-11 09:00:00 | Admin      |
|         6 | Vipul      | Diwan     | 200000 | 2021-06-11 09:00:00 | Account    |
|         7 | Satish     | Kumar     |  75000 | 2021-01-20 09:00:00 | Account    |
|         8 | Geetika    | Chauhan   |  90000 | 2021-04-11 09:00:00 | Admin      |
+-----------+------------+-----------+--------+---------------------+------------+
8 rows in set (0.00 sec)

mysql> select * from Workerclonee;
+-----------+------------+-----------+--------+---------------------+------------+
| WORKER_ID | FIRST_NAME | LAST_NAME | SALARY | JOINING_DATE        | DEPARTMENT |
+-----------+------------+-----------+--------+---------------------+------------+
|         1 | Monika     | Arora     | 100000 | 2021-02-20 09:00:00 | HR         |
|         2 | Niharika   | Verma     |  80000 | 2021-06-11 09:00:00 | Admin      |
|         3 | Vishal     | Singhal   | 300000 | 2021-02-20 09:00:00 | HR         |
|         4 | Amitabh    | Singh     | 500000 | 2021-02-20 09:00:00 | Admin      |
|         5 | Vivek      | Bhati     | 500000 | 2021-06-11 09:00:00 | Admin      |
|         6 | Vipul      | Diwan     | 200000 | 2021-06-11 09:00:00 | Account    |
|         7 | Satish     | Kumar     |  75000 | 2021-01-20 09:00:00 | Account    |
|         8 | Geetika    | Chauhan   |  90000 | 2021-04-11 09:00:00 | Admin      |
|         1 | Monika     | Arora     | 100000 | 2021-02-20 09:00:00 | HR         |
|         2 | Niharika   | Verma     |  80000 | 2021-06-11 09:00:00 | Admin      |
|         3 | Vishal     | Singhal   | 300000 | 2021-02-20 09:00:00 | HR         |
|         4 | Amitabh    | Singh     | 500000 | 2021-02-20 09:00:00 | Admin      |
|         5 | Vivek      | Bhati     | 500000 | 2021-06-11 09:00:00 | Admin      |
|         6 | Vipul      | Diwan     | 200000 | 2021-06-11 09:00:00 | Account    |
|         7 | Satish     | Kumar     |  75000 | 2021-01-20 09:00:00 | Account    |
|         8 | Geetika    | Chauhan   |  90000 | 2021-04-11 09:00:00 | Admin      |
+-----------+------------+-----------+--------+---------------------+------------+
16 rows in set (0.00 sec)

mysql> (SELECT * FROM Worker)
    -> INTERSECT
    -> (SELECT * FROM WorkerClone);
ERROR 1146 (42S02): Table 'mydb.workerclone' doesn't exist
mysql> (SELECT * FROM Worker)
    -> INTERSECT
    -> (SELECT * FROM WorkerClonee);
+-----------+------------+-----------+--------+---------------------+------------+
| WORKER_ID | FIRST_NAME | LAST_NAME | SALARY | JOINING_DATE        | DEPARTMENT |
+-----------+------------+-----------+--------+---------------------+------------+
|         1 | Monika     | Arora     | 100000 | 2021-02-20 09:00:00 | HR         |
|         2 | Niharika   | Verma     |  80000 | 2021-06-11 09:00:00 | Admin      |
|         3 | Vishal     | Singhal   | 300000 | 2021-02-20 09:00:00 | HR         |
|         4 | Amitabh    | Singh     | 500000 | 2021-02-20 09:00:00 | Admin      |
|         5 | Vivek      | Bhati     | 500000 | 2021-06-11 09:00:00 | Admin      |
|         6 | Vipul      | Diwan     | 200000 | 2021-06-11 09:00:00 | Account    |
|         7 | Satish     | Kumar     |  75000 | 2021-01-20 09:00:00 | Account    |
|         8 | Geetika    | Chauhan   |  90000 | 2021-04-11 09:00:00 | Admin      |
+-----------+------------+-----------+--------+---------------------+------------+
8 rows in set (0.00 sec)

...............................................................................
...............................................................................
Question-39. Write an SQL query to fetch the first 50% of records from a table.
...............................................................................
...............................................................................
mysql> select * from Worker;
+-----------+------------+-----------+--------+---------------------+------------+
| WORKER_ID | FIRST_NAME | LAST_NAME | SALARY | JOINING_DATE        | DEPARTMENT |
+-----------+------------+-----------+--------+---------------------+------------+
|         1 | Monika     | Arora     | 100000 | 2021-02-20 09:00:00 | HR         |
|         2 | Niharika   | Verma     |  80000 | 2021-06-11 09:00:00 | Admin      |
|         3 | Vishal     | Singhal   | 300000 | 2021-02-20 09:00:00 | HR         |
|         4 | Amitabh    | Singh     | 500000 | 2021-02-20 09:00:00 | Admin      |
|         5 | Vivek      | Bhati     | 500000 | 2021-06-11 09:00:00 | Admin      |
|         6 | Vipul      | Diwan     | 200000 | 2021-06-11 09:00:00 | Account    |
|         7 | Satish     | Kumar     |  75000 | 2021-01-20 09:00:00 | Account    |
|         8 | Geetika    | Chauhan   |  90000 | 2021-04-11 09:00:00 | Admin      |
+-----------+------------+-----------+--------+---------------------+------------+
8 rows in set (0.00 sec)
mysql> SELECT *
    -> FROM WORKER
    -> WHERE WORKER_ID <= (SELECT count(WORKER_ID)/2 from Worker);
+-----------+------------+-----------+--------+---------------------+------------+
| WORKER_ID | FIRST_NAME | LAST_NAME | SALARY | JOINING_DATE        | DEPARTMENT |
+-----------+------------+-----------+--------+---------------------+------------+
|         1 | Monika     | Arora     | 100000 | 2021-02-20 09:00:00 | HR         |
|         2 | Niharika   | Verma     |  80000 | 2021-06-11 09:00:00 | Admin      |
|         3 | Vishal     | Singhal   | 300000 | 2021-02-20 09:00:00 | HR         |
|         4 | Amitabh    | Singh     | 500000 | 2021-02-20 09:00:00 | Admin      |
+-----------+------------+-----------+--------+---------------------+------------+
4 rows in set (0.07 sec)

................................................................................................
................................................................................................
Qustion-40. Write an SQL query to fetch the departments that have less than five people in them.
................................................................................................
................................................................................................
mysql> select * from Worker;
+-----------+------------+-----------+--------+---------------------+------------+
| WORKER_ID | FIRST_NAME | LAST_NAME | SALARY | JOINING_DATE        | DEPARTMENT |
+-----------+------------+-----------+--------+---------------------+------------+
|         1 | Monika     | Arora     | 100000 | 2021-02-20 09:00:00 | HR         |
|         2 | Niharika   | Verma     |  80000 | 2021-06-11 09:00:00 | Admin      |
|         3 | Vishal     | Singhal   | 300000 | 2021-02-20 09:00:00 | HR         |
|         4 | Amitabh    | Singh     | 500000 | 2021-02-20 09:00:00 | Admin      |
|         5 | Vivek      | Bhati     | 500000 | 2021-06-11 09:00:00 | Admin      |
|         6 | Vipul      | Diwan     | 200000 | 2021-06-11 09:00:00 | Account    |
|         7 | Satish     | Kumar     |  75000 | 2021-01-20 09:00:00 | Account    |
|         8 | Geetika    | Chauhan   |  90000 | 2021-04-11 09:00:00 | Admin      |
+-----------+------------+-----------+--------+---------------------+------------+
8 rows in set (0.00 sec)

mysql> SELECT DEPARTMENT, COUNT(WORKER_ID) as 'Number of Workers' FROM Worker GROUP BY DEPARTMENT HAVING COUNT(WORKER_ID) < 5;
+------------+-------------------+
| DEPARTMENT | Number of Workers |
+------------+-------------------+
| HR         |                 2 |
| Admin      |                 4 |
| Account    |                 2 |
+------------+-------------------+
3 rows in set (0.02 sec)

................................................................................................
................................................................................................
Qustion-41. Write an SQL query to show all departments along with the number of people in there.
................................................................................................
................................................................................................
mysql> select * from Worker;
+-----------+------------+-----------+--------+---------------------+------------+
| WORKER_ID | FIRST_NAME | LAST_NAME | SALARY | JOINING_DATE        | DEPARTMENT |
+-----------+------------+-----------+--------+---------------------+------------+
|         1 | Monika     | Arora     | 100000 | 2021-02-20 09:00:00 | HR         |
|         2 | Niharika   | Verma     |  80000 | 2021-06-11 09:00:00 | Admin      |
|         3 | Vishal     | Singhal   | 300000 | 2021-02-20 09:00:00 | HR         |
|         4 | Amitabh    | Singh     | 500000 | 2021-02-20 09:00:00 | Admin      |
|         5 | Vivek      | Bhati     | 500000 | 2021-06-11 09:00:00 | Admin      |
|         6 | Vipul      | Diwan     | 200000 | 2021-06-11 09:00:00 | Account    |
|         7 | Satish     | Kumar     |  75000 | 2021-01-20 09:00:00 | Account    |
|         8 | Geetika    | Chauhan   |  90000 | 2021-04-11 09:00:00 | Admin      |
+-----------+------------+-----------+--------+---------------------+------------+
8 rows in set (0.00 sec)

mysql> SELECT DEPARTMENT, COUNT(DEPARTMENT) as 'Number of Workers' FROM Worker GROUP BY DEPARTMENT;
+------------+-------------------+
| DEPARTMENT | Number of Workers |
+------------+-------------------+
| HR         |                 2 |
| Admin      |                 4 |
| Account    |                 2 |
+------------+-------------------+
3 rows in set (0.00 sec)

.....................................................................
.....................................................................
Question-42. Write an SQL query to show the last record from a table.
.....................................................................
.....................................................................
mysql> select * from Worker;
+-----------+------------+-----------+--------+---------------------+------------+
| WORKER_ID | FIRST_NAME | LAST_NAME | SALARY | JOINING_DATE        | DEPARTMENT |
+-----------+------------+-----------+--------+---------------------+------------+
|         1 | Monika     | Arora     | 100000 | 2021-02-20 09:00:00 | HR         |
|         2 | Niharika   | Verma     |  80000 | 2021-06-11 09:00:00 | Admin      |
|         3 | Vishal     | Singhal   | 300000 | 2021-02-20 09:00:00 | HR         |
|         4 | Amitabh    | Singh     | 500000 | 2021-02-20 09:00:00 | Admin      |
|         5 | Vivek      | Bhati     | 500000 | 2021-06-11 09:00:00 | Admin      |
|         6 | Vipul      | Diwan     | 200000 | 2021-06-11 09:00:00 | Account    |
|         7 | Satish     | Kumar     |  75000 | 2021-01-20 09:00:00 | Account    |
|         8 | Geetika    | Chauhan   |  90000 | 2021-04-11 09:00:00 | Admin      |
+-----------+------------+-----------+--------+---------------------+------------+
8 rows in set (0.00 sec)
mysql> Select * from Worker where WORKER_ID = (SELECT max(WORKER_ID) from Worker);
+-----------+------------+-----------+--------+---------------------+------------+
| WORKER_ID | FIRST_NAME | LAST_NAME | SALARY | JOINING_DATE        | DEPARTMENT |
+-----------+------------+-----------+--------+---------------------+------------+
|         8 | Geetika    | Chauhan   |  90000 | 2021-04-11 09:00:00 | Admin      |
+-----------+------------+-----------+--------+---------------------+------------+
1 row in set (0.00 sec)

.................................................................
.................................................................
Qustion-43. Write an SQL query to fetch the first row of a table.
.................................................................
.................................................................
mysql> select * from Worker;
+-----------+------------+-----------+--------+---------------------+------------+
| WORKER_ID | FIRST_NAME | LAST_NAME | SALARY | JOINING_DATE        | DEPARTMENT |
+-----------+------------+-----------+--------+---------------------+------------+
|         1 | Monika     | Arora     | 100000 | 2021-02-20 09:00:00 | HR         |
|         2 | Niharika   | Verma     |  80000 | 2021-06-11 09:00:00 | Admin      |
|         3 | Vishal     | Singhal   | 300000 | 2021-02-20 09:00:00 | HR         |
|         4 | Amitabh    | Singh     | 500000 | 2021-02-20 09:00:00 | Admin      |
|         5 | Vivek      | Bhati     | 500000 | 2021-06-11 09:00:00 | Admin      |
|         6 | Vipul      | Diwan     | 200000 | 2021-06-11 09:00:00 | Account    |
|         7 | Satish     | Kumar     |  75000 | 2021-01-20 09:00:00 | Account    |
|         8 | Geetika    | Chauhan   |  90000 | 2021-04-11 09:00:00 | Admin      |
+-----------+------------+-----------+--------+---------------------+------------+
8 rows in set (0.00 sec)

mysql> Select * from Worker where WORKER_ID = (SELECT min(WORKER_ID) from Worker);
+-----------+------------+-----------+--------+---------------------+------------+
| WORKER_ID | FIRST_NAME | LAST_NAME | SALARY | JOINING_DATE        | DEPARTMENT |
+-----------+------------+-----------+--------+---------------------+------------+
|         1 | Monika     | Arora     | 100000 | 2021-02-20 09:00:00 | HR         |
+-----------+------------+-----------+--------+---------------------+------------+
1 row in set (0.00 sec)

............................................................................
............................................................................
Question-44. Write an SQL query to fetch the last five records from a table.
............................................................................
............................................................................
mysql> select * from Worker;
+-----------+------------+-----------+--------+---------------------+------------+
| WORKER_ID | FIRST_NAME | LAST_NAME | SALARY | JOINING_DATE        | DEPARTMENT |
+-----------+------------+-----------+--------+---------------------+------------+
|         1 | Monika     | Arora     | 100000 | 2021-02-20 09:00:00 | HR         |
|         2 | Niharika   | Verma     |  80000 | 2021-06-11 09:00:00 | Admin      |
|         3 | Vishal     | Singhal   | 300000 | 2021-02-20 09:00:00 | HR         |
|         4 | Amitabh    | Singh     | 500000 | 2021-02-20 09:00:00 | Admin      |
|         5 | Vivek      | Bhati     | 500000 | 2021-06-11 09:00:00 | Admin      |
|         6 | Vipul      | Diwan     | 200000 | 2021-06-11 09:00:00 | Account    |
|         7 | Satish     | Kumar     |  75000 | 2021-01-20 09:00:00 | Account    |
|         8 | Geetika    | Chauhan   |  90000 | 2021-04-11 09:00:00 | Admin      |
+-----------+------------+-----------+--------+---------------------+------------+
8 rows in set (0.00 sec)

mysql> SELECT * FROM Worker WHERE WORKER_ID >=5
    -> UNION
    -> SELECT * FROM (SELECT * FROM Worker W order by W.WORKER_ID DESC) AS W1 WHERE W1.WORKER_ID >=5;
+-----------+------------+-----------+--------+---------------------+------------+
| WORKER_ID | FIRST_NAME | LAST_NAME | SALARY | JOINING_DATE        | DEPARTMENT |
+-----------+------------+-----------+--------+---------------------+------------+
|         5 | Vivek      | Bhati     | 500000 | 2021-06-11 09:00:00 | Admin      |
|         6 | Vipul      | Diwan     | 200000 | 2021-06-11 09:00:00 | Account    |
|         7 | Satish     | Kumar     |  75000 | 2021-01-20 09:00:00 | Account    |
|         8 | Geetika    | Chauhan   |  90000 | 2021-04-11 09:00:00 | Admin      |
+-----------+------------+-----------+--------+---------------------+------------+
4 rows in set (0.00 sec)

.............................................................................................................
.............................................................................................................
Question-45. Write an SQL query to print the names of employees having the highest salary in each department.
.............................................................................................................
.............................................................................................................
mysql> SELECT * FROM Worker;
+-----------+------------+-----------+--------+---------------------+------------+
| WORKER_ID | FIRST_NAME | LAST_NAME | SALARY | JOINING_DATE        | DEPARTMENT |
+-----------+------------+-----------+--------+---------------------+------------+
|         1 | Monika     | Arora     | 100000 | 2021-02-20 09:00:00 | HR         |
|         2 | Niharika   | Verma     |  80000 | 2021-06-11 09:00:00 | Admin      |
|         3 | Vishal     | Singhal   | 300000 | 2021-02-20 09:00:00 | HR         |
|         4 | Amitabh    | Singh     | 500000 | 2021-02-20 09:00:00 | Admin      |
|         5 | Vivek      | Bhati     | 500000 | 2021-06-11 09:00:00 | Admin      |
|         6 | Vipul      | Diwan     | 200000 | 2021-06-11 09:00:00 | Account    |
|         7 | Satish     | Kumar     |  75000 | 2021-01-20 09:00:00 | Account    |
|         8 | Geetika    | Chauhan   |  90000 | 2021-04-11 09:00:00 | Admin      |
+-----------+------------+-----------+--------+---------------------+------------+
8 rows in set (0.00 sec)

mysql> SELECT t.DEPARTMENT,t.FIRST_NAME,t.Salary from(SELECT max(Salary) as TotalSalary,DEPARTMENT from Worker group by DEPARTMENT) as TempNew
    -> Inner Join Worker t on TempNew.DEPARTMENT=t.DEPARTMENT
    ->  and TempNew.TotalSalary=t.Salary;
+------------+------------+--------+
| DEPARTMENT | FIRST_NAME | Salary |
+------------+------------+--------+
| HR         | Vishal     | 300000 |
| Admin      | Amitabh    | 500000 |
| Admin      | Vivek      | 500000 |
| Account    | Vipul      | 200000 |
+------------+------------+--------+
4 rows in set (0.00 sec)

.........................................................................
.........................................................................
Question-46. Write an SQL query to fetch three max salaries from a table.
.........................................................................
.........................................................................
mysql> SELECT * FROM Worker;
+-----------+------------+-----------+--------+---------------------+------------+
| WORKER_ID | FIRST_NAME | LAST_NAME | SALARY | JOINING_DATE        | DEPARTMENT |
+-----------+------------+-----------+--------+---------------------+------------+
|         1 | Monika     | Arora     | 100000 | 2021-02-20 09:00:00 | HR         |
|         2 | Niharika   | Verma     |  80000 | 2021-06-11 09:00:00 | Admin      |
|         3 | Vishal     | Singhal   | 300000 | 2021-02-20 09:00:00 | HR         |
|         4 | Amitabh    | Singh     | 500000 | 2021-02-20 09:00:00 | Admin      |
|         5 | Vivek      | Bhati     | 500000 | 2021-06-11 09:00:00 | Admin      |
|         6 | Vipul      | Diwan     | 200000 | 2021-06-11 09:00:00 | Account    |
|         7 | Satish     | Kumar     |  75000 | 2021-01-20 09:00:00 | Account    |
|         8 | Geetika    | Chauhan   |  90000 | 2021-04-11 09:00:00 | Admin      |
+-----------+------------+-----------+--------+---------------------+------------+
8 rows in set (0.00 sec)

mysql> SELECT distinct Salary from worker a WHERE 3 >= (SELECT count(distinct Salary) from worker b WHERE a.Salary <= b.Salary) order by a.Salary desc;
+--------+
| Salary |
+--------+
| 500000 |
| 300000 |
| 200000 |
+--------+
3 rows in set (0.00 sec)
mysql> select * from Worker order by salary desc limit 3;
+-----------+------------+-----------+--------+---------------------+------------+
| WORKER_ID | FIRST_NAME | LAST_NAME | SALARY | JOINING_DATE        | DEPARTMENT |
+-----------+------------+-----------+--------+---------------------+------------+
|         4 | Amitabh    | Singh     | 500000 | 2021-02-20 09:00:00 | Admin      |
|         5 | Vivek      | Bhati     | 500000 | 2021-06-11 09:00:00 | Admin      |
|         3 | Vishal     | Singhal   | 300000 | 2021-02-20 09:00:00 | HR         |
+-----------+------------+-----------+--------+---------------------+------------+
3 rows in set (0.00 sec)

.........................................................................
.........................................................................
Question-47. Write an SQL query to fetch three min salaries from a table.
.........................................................................
.........................................................................

mysql> SELECT * FROM Worker;
+-----------+------------+-----------+--------+---------------------+------------+
| WORKER_ID | FIRST_NAME | LAST_NAME | SALARY | JOINING_DATE        | DEPARTMENT |
+-----------+------------+-----------+--------+---------------------+------------+
|         1 | Monika     | Arora     | 100000 | 2021-02-20 09:00:00 | HR         |
|         2 | Niharika   | Verma     |  80000 | 2021-06-11 09:00:00 | Admin      |
|         3 | Vishal     | Singhal   | 300000 | 2021-02-20 09:00:00 | HR         |
|         4 | Amitabh    | Singh     | 500000 | 2021-02-20 09:00:00 | Admin      |
|         5 | Vivek      | Bhati     | 500000 | 2021-06-11 09:00:00 | Admin      |
|         6 | Vipul      | Diwan     | 200000 | 2021-06-11 09:00:00 | Account    |
|         7 | Satish     | Kumar     |  75000 | 2021-01-20 09:00:00 | Account    |
|         8 | Geetika    | Chauhan   |  90000 | 2021-04-11 09:00:00 | Admin      |
+-----------+------------+-----------+--------+---------------------+------------+
8 rows in set (0.00 sec)

mysql> SELECT distinct Salary from worker a WHERE 3 >= (SELECT count(distinct Salary) from worker b WHERE a.Salary >= b.Salary) order by a.Salary desc;
+--------+
| Salary |
+--------+
|  90000 |
|  80000 |
|  75000 |
+--------+
3 rows in set (0.00 sec)

mysql> select * from Worker order by salary limit 3;
+-----------+------------+-----------+--------+---------------------+------------+
| WORKER_ID | FIRST_NAME | LAST_NAME | SALARY | JOINING_DATE        | DEPARTMENT |
+-----------+------------+-----------+--------+---------------------+------------+
|         7 | Satish     | Kumar     |  75000 | 2021-01-20 09:00:00 | Account    |
|         2 | Niharika   | Verma     |  80000 | 2021-06-11 09:00:00 | Admin      |
|         8 | Geetika    | Chauhan   |  90000 | 2021-04-11 09:00:00 | Admin      |
+-----------+------------+-----------+--------+---------------------+------------+
3 rows in set (0.00 sec)

........................................................................
........................................................................
Question-48. Write an SQL query to fetch nth max salaries from a table..
........................................................................
........................................................................
mysql> SELECT * FROM Worker;
+-----------+------------+-----------+--------+---------------------+------------+
| WORKER_ID | FIRST_NAME | LAST_NAME | SALARY | JOINING_DATE        | DEPARTMENT |
+-----------+------------+-----------+--------+---------------------+------------+
|         1 | Monika     | Arora     | 100000 | 2021-02-20 09:00:00 | HR         |
|         2 | Niharika   | Verma     |  80000 | 2021-06-11 09:00:00 | Admin      |
|         3 | Vishal     | Singhal   | 300000 | 2021-02-20 09:00:00 | HR         |
|         4 | Amitabh    | Singh     | 500000 | 2021-02-20 09:00:00 | Admin      |
|         5 | Vivek      | Bhati     | 500000 | 2021-06-11 09:00:00 | Admin      |
|         6 | Vipul      | Diwan     | 200000 | 2021-06-11 09:00:00 | Account    |
|         7 | Satish     | Kumar     |  75000 | 2021-01-20 09:00:00 | Account    |
|         8 | Geetika    | Chauhan   |  90000 | 2021-04-11 09:00:00 | Admin      |
+-----------+------------+-----------+--------+---------------------+------------+
8 rows in set (0.00 sec)

mysql> SELECT distinct Salary from worker a WHERE 3 >= (SELECT count(distinct Salary) from worker b WHERE a.Salary <= b.Salary) order by a.Salary desc;
+--------+
| Salary |
+--------+
| 500000 |
| 300000 |
| 200000 |
+--------+
3 rows in set (0.00 sec)
mysql> select * from Worker order by salary desc limit 3;
+-----------+------------+-----------+--------+---------------------+------------+
| WORKER_ID | FIRST_NAME | LAST_NAME | SALARY | JOINING_DATE        | DEPARTMENT |
+-----------+------------+-----------+--------+---------------------+------------+
|         4 | Amitabh    | Singh     | 500000 | 2021-02-20 09:00:00 | Admin      |
|         5 | Vivek      | Bhati     | 500000 | 2021-06-11 09:00:00 | Admin      |
|         3 | Vishal     | Singhal   | 300000 | 2021-02-20 09:00:00 | HR         |
+-----------+------------+-----------+--------+---------------------+------------+
3 rows in set (0.00 sec)

mysql> SELECT distinct Salary from worker a WHERE (SELECT count(distinct Salary) from worker b WHERE a.Salary <= b.Salary) order by a.Salary desc;
+--------+
| Salary |
+--------+
| 500000 |
| 300000 |
| 200000 |
| 100000 |
|  90000 |
|  80000 |
|  75000 |
+--------+
7 rows in set (0.00 sec)

.........................................................................................................
.........................................................................................................
Question-49. Write an SQL query to fetch departments along with the total salaries paid for each of them.
.........................................................................................................
.........................................................................................................
mysql> SELECT * FROM Worker;
+-----------+------------+-----------+--------+---------------------+------------+
| WORKER_ID | FIRST_NAME | LAST_NAME | SALARY | JOINING_DATE        | DEPARTMENT |
+-----------+------------+-----------+--------+---------------------+------------+
|         1 | Monika     | Arora     | 100000 | 2021-02-20 09:00:00 | HR         |
|         2 | Niharika   | Verma     |  80000 | 2021-06-11 09:00:00 | Admin      |
|         3 | Vishal     | Singhal   | 300000 | 2021-02-20 09:00:00 | HR         |
|         4 | Amitabh    | Singh     | 500000 | 2021-02-20 09:00:00 | Admin      |
|         5 | Vivek      | Bhati     | 500000 | 2021-06-11 09:00:00 | Admin      |
|         6 | Vipul      | Diwan     | 200000 | 2021-06-11 09:00:00 | Account    |
|         7 | Satish     | Kumar     |  75000 | 2021-01-20 09:00:00 | Account    |
|         8 | Geetika    | Chauhan   |  90000 | 2021-04-11 09:00:00 | Admin      |
+-----------+------------+-----------+--------+---------------------+------------+
8 rows in set (0.00 sec)
mysql>  SELECT DEPARTMENT, sum(Salary) from worker group by DEPARTMENT;
+------------+-------------+
| DEPARTMENT | sum(Salary) |
+------------+-------------+
| HR         |      400000 |
| Admin      |     1170000 |
| Account    |      275000 |
+------------+-------------+
3 rows in set (0.00 sec)

mysql> select department, sum(salary) as total from Worker group by department order by total desc;
+------------+---------+
| department | total   |
+------------+---------+
| Admin      | 1170000 |
| HR         |  400000 |
| Account    |  275000 |
+------------+---------+
3 rows in set (0.00 sec)

..........................................................................................
..........................................................................................
Question-50. Write an SQL query to fetch the names of workers who earn the highest salary.
..........................................................................................
..........................................................................................

mysql> SELECT * FROM Worker;
+-----------+------------+-----------+--------+---------------------+------------+
| WORKER_ID | FIRST_NAME | LAST_NAME | SALARY | JOINING_DATE        | DEPARTMENT |
+-----------+------------+-----------+--------+---------------------+------------+
|         1 | Monika     | Arora     | 100000 | 2021-02-20 09:00:00 | HR         |
|         2 | Niharika   | Verma     |  80000 | 2021-06-11 09:00:00 | Admin      |
|         3 | Vishal     | Singhal   | 300000 | 2021-02-20 09:00:00 | HR         |
|         4 | Amitabh    | Singh     | 500000 | 2021-02-20 09:00:00 | Admin      |
|         5 | Vivek      | Bhati     | 500000 | 2021-06-11 09:00:00 | Admin      |
|         6 | Vipul      | Diwan     | 200000 | 2021-06-11 09:00:00 | Account    |
|         7 | Satish     | Kumar     |  75000 | 2021-01-20 09:00:00 | Account    |
|         8 | Geetika    | Chauhan   |  90000 | 2021-04-11 09:00:00 | Admin      |
+-----------+------------+-----------+--------+---------------------+------------+
8 rows in set (0.00 sec)

mysql> SELECT FIRST_NAME, SALARY from Worker WHERE SALARY=(SELECT max(SALARY) from Worker);
+------------+--------+
| FIRST_NAME | SALARY |
+------------+--------+
| Amitabh    | 500000 |
| Vivek      | 500000 |
+------------+--------+
2 rows in set (0.00 sec)

mysql> select * from Worker where salary in (select max(salary) from worker);
+-----------+------------+-----------+--------+---------------------+------------+
| WORKER_ID | FIRST_NAME | LAST_NAME | SALARY | JOINING_DATE        | DEPARTMENT |
+-----------+------------+-----------+--------+---------------------+------------+
|         4 | Amitabh    | Singh     | 500000 | 2021-02-20 09:00:00 | Admin      |
|         5 | Vivek      | Bhati     | 500000 | 2021-06-11 09:00:00 | Admin      |
+-----------+------------+-----------+--------+---------------------+------------+
2 rows in set (0.00 sec)





















































  