Table-1 
CREATE TABLE Worker (
	WORKER_ID INT NOT NULL PRIMARY KEY AUTO_INCREMENT,
	FIRST_NAME CHAR(25),
	LAST_NAME CHAR(25),
	SALARY INT(15),
	JOINING_DATE DATETIME,
	DEPARTMENT CHAR(25)
);

INSERT INTO Worker 
	(WORKER_ID, FIRST_NAME, LAST_NAME, SALARY, JOINING_DATE, DEPARTMENT) VALUES
		(001, 'Monika', 'Arora', 100000, '21-02-20 09.00.00', 'HR'),
		(002, 'Niharika', 'Verma', 80000, '21-06-11 09.00.00', 'Admin'),
		(003, 'Vishal', 'Singhal', 300000, '21-02-20 09.00.00', 'HR'),
		(004, 'Amitabh', 'Singh', 500000, '21-02-20 09.00.00', 'Admin'),
		(005, 'Vivek', 'Bhati', 500000, '21-06-11 09.00.00', 'Admin'),
		(006, 'Vipul', 'Diwan', 200000, '21-06-11 09.00.00', 'Account'),
		(007, 'Satish', 'Kumar', 75000, '21-01-20 09.00.00', 'Account'),
		(008, 'Geetika', 'Chauhan', 90000, '21-04-11 09.00.00', 'Admin');

Table-2
CREATE TABLE Bonus (
	WORKER_REF_ID INT,
	BONUS_AMOUNT INT(10),
	BONUS_DATE DATETIME,
	FOREIGN KEY (WORKER_REF_ID)
		REFERENCES Worker(WORKER_ID)
        ON DELETE CASCADE
);

INSERT INTO Bonus 
	(WORKER_REF_ID, BONUS_AMOUNT, BONUS_DATE) VALUES
		(001, 5000, '23-02-20'),
		(002, 3000, '23-06-11'),
		(003, 4000, '23-02-20'),
		(001, 4500, '23-02-20'),
		(002, 3500, '23-06-11');
Table-3
CREATE TABLE Title (
	WORKER_REF_ID INT,
	WORKER_TITLE CHAR(25),
	AFFECTED_FROM DATETIME,
	FOREIGN KEY (WORKER_REF_ID)
		REFERENCES Worker(WORKER_ID)
        ON DELETE CASCADE
);

INSERT INTO Title 
	(WORKER_REF_ID, WORKER_TITLE, AFFECTED_FROM) VALUES
 (001, 'Manager', '2023-02-20 00:00:00'),
 (002, 'Executive', '2023-06-11 00:00:00'),
 (008, 'Executive', '2023-06-11 00:00:00'),
 (005, 'Manager', '2023-06-11 00:00:00'),
 (004, 'Asst. Manager', '2023-06-11 00:00:00'),
 (007, 'Executive', '2023-06-11 00:00:00'),
 (006, 'Lead', '2023-06-11 00:00:00'),
 (003, 'Lead', '2023-06-11 00:00:00');



..............................................................................................................
..............................................................................................................
Question-1. WRITE an SQL query to fetch fetch "FIRST_NAME" from the Worker table using the alise <WORKER_NAME>.
...............................................................................................................
...............................................................................................................

mysql> select  *  from Worker;
+-----------+------------+-----------+--------+---------------------+------------+
| WORKER_ID | FIRST_NAME | LAST_NAME | SALARY | JOINING_DATE        | DEPARTMENT |
+-----------+------------+-----------+--------+---------------------+------------+
|         1 | Monika     | Arora     | 100000 | 2021-02-20 09:00:00 | HR         |
|         2 | Niharika   | Verma     |  80000 | 2021-06-11 09:00:00 | Admin      |
|         3 | Vishal     | Singhal   | 300000 | 2021-02-20 09:00:00 | HR         |
|         4 | Amitabh    | Singh     | 500000 | 2021-02-20 09:00:00 | Admin      |
|         5 | Vivek      | Bhati     | 500000 | 2021-06-11 09:00:00 | Admin      |
|         6 | Vipul      | Diwan     | 200000 | 2021-06-11 09:00:00 | Account    |
|         7 | Satish     | Kumar     |  75000 | 2021-01-20 09:00:00 | Account    |
|         8 | Geetika    | Chauhan   |  90000 | 2021-04-11 09:00:00 | Admin      |
+-----------+------------+-----------+--------+---------------------+------------+
8 rows in set (0.00 sec)

mysql> Select FIRST_NAME AS WORKER_NAME from Worker;
+-------------+
| WORKER_NAME |
+-------------+
| Monika      |
| Niharika    |
| Vishal      |
| Amitabh     |
| Vivek       |
| Vipul       |
| Satish      |
| Geetika     |
+-------------+
8 rows in set (0.00 sec)

.........................................................................................
.........................................................................................
Question-2. Write an SQL query to fetch “FIRST_NAME” from the Worker table in upper case.
.........................................................................................
.........................................................................................

mysql> select  *  from Worker;
+-----------+------------+-----------+--------+---------------------+------------+
| WORKER_ID | FIRST_NAME | LAST_NAME | SALARY | JOINING_DATE        | DEPARTMENT |
+-----------+------------+-----------+--------+---------------------+------------+
|         1 | Monika     | Arora     | 100000 | 2021-02-20 09:00:00 | HR         |
|         2 | Niharika   | Verma     |  80000 | 2021-06-11 09:00:00 | Admin      |
|         3 | Vishal     | Singhal   | 300000 | 2021-02-20 09:00:00 | HR         |
|         4 | Amitabh    | Singh     | 500000 | 2021-02-20 09:00:00 | Admin      |
|         5 | Vivek      | Bhati     | 500000 | 2021-06-11 09:00:00 | Admin      |
|         6 | Vipul      | Diwan     | 200000 | 2021-06-11 09:00:00 | Account    |
|         7 | Satish     | Kumar     |  75000 | 2021-01-20 09:00:00 | Account    |
|         8 | Geetika    | Chauhan   |  90000 | 2021-04-11 09:00:00 | Admin      |
+-----------+------------+-----------+--------+---------------------+------------+
8 rows in set (0.00 sec)

mysql> Select upper(FIRST_NAME) from Worker;
+-------------------+
| upper(FIRST_NAME) |
+-------------------+
| MONIKA            |
| NIHARIKA          |
| VISHAL            |
| AMITABH           |
| VIVEK             |
| VIPUL             |
| SATISH            |
| GEETIKA           |
+-------------------+
8 rows in set (0.04 sec)

mysql> Select lower(FIRST_NAME) from Worker;
+-------------------+
| lower(FIRST_NAME) |
+-------------------+
| monika            |
| niharika          |
| vishal            |
| amitabh           |
| vivek             |
| vipul             |
| satish            |
| geetika           |
+-------------------+
8 rows in set (0.01 sec)

...........................................................................................
...........................................................................................
Question-3. Write an SQL query to fetch unique values of DEPARTMENT from the Worker table..
...........................................................................................
...........................................................................................
mysql> select  *  from Worker;
+-----------+------------+-----------+--------+---------------------+------------+
| WORKER_ID | FIRST_NAME | LAST_NAME | SALARY | JOINING_DATE        | DEPARTMENT |
+-----------+------------+-----------+--------+---------------------+------------+
|         1 | Monika     | Arora     | 100000 | 2021-02-20 09:00:00 | HR         |
|         2 | Niharika   | Verma     |  80000 | 2021-06-11 09:00:00 | Admin      |
|         3 | Vishal     | Singhal   | 300000 | 2021-02-20 09:00:00 | HR         |
|         4 | Amitabh    | Singh     | 500000 | 2021-02-20 09:00:00 | Admin      |
|         5 | Vivek      | Bhati     | 500000 | 2021-06-11 09:00:00 | Admin      |
|         6 | Vipul      | Diwan     | 200000 | 2021-06-11 09:00:00 | Account    |
|         7 | Satish     | Kumar     |  75000 | 2021-01-20 09:00:00 | Account    |
|         8 | Geetika    | Chauhan   |  90000 | 2021-04-11 09:00:00 | Admin      |
+-----------+------------+-----------+--------+---------------------+------------+
8 rows in set (0.00 sec)

mysql> Select distinct DEPARTMENT from Worker;
+------------+
| DEPARTMENT |
+------------+
| HR         |
| Admin      |
| Account    |
+------------+
3 rows in set (0.00 sec)

........................................................................................................
........................................................................................................
Question-4. Write an SQL query to print the first three characters of  FIRST_NAME from the Worker table.
.........................................................................................................
.........................................................................................................

mysql> select  *  from Worker;
+-----------+------------+-----------+--------+---------------------+------------+
| WORKER_ID | FIRST_NAME | LAST_NAME | SALARY | JOINING_DATE        | DEPARTMENT |
+-----------+------------+-----------+--------+---------------------+------------+
|         1 | Monika     | Arora     | 100000 | 2021-02-20 09:00:00 | HR         |
|         2 | Niharika   | Verma     |  80000 | 2021-06-11 09:00:00 | Admin      |
|         3 | Vishal     | Singhal   | 300000 | 2021-02-20 09:00:00 | HR         |
|         4 | Amitabh    | Singh     | 500000 | 2021-02-20 09:00:00 | Admin      |
|         5 | Vivek      | Bhati     | 500000 | 2021-06-11 09:00:00 | Admin      |
|         6 | Vipul      | Diwan     | 200000 | 2021-06-11 09:00:00 | Account    |
|         7 | Satish     | Kumar     |  75000 | 2021-01-20 09:00:00 | Account    |
|         8 | Geetika    | Chauhan   |  90000 | 2021-04-11 09:00:00 | Admin      |
+-----------+------------+-----------+--------+---------------------+------------+
8 rows in set (0.00 sec)

mysql> Select substring(FIRST_NAME,1,3) from Worker;
+---------------------------+
| substring(FIRST_NAME,1,3) |
+---------------------------+
| Mon                       |
| Nih                       |
| Vis                       |
| Ami                       |
| Viv                       |
| Vip                       |
| Sat                       |
| Gee                       |
+---------------------------+
8 rows in set (0.00 sec)


.....................................................................................................................................
.....................................................................................................................................
Question- -5. Write an SQL query to find the position of the alphabet (‘a’) in the first name column ‘Amitabh’ from the Worker table.
.....................................................................................................................................
.....................................................................................................................................

mysql> select  *  from Worker;
+-----------+------------+-----------+--------+---------------------+------------+
| WORKER_ID | FIRST_NAME | LAST_NAME | SALARY | JOINING_DATE        | DEPARTMENT |
+-----------+------------+-----------+--------+---------------------+------------+
|         1 | Monika     | Arora     | 100000 | 2021-02-20 09:00:00 | HR         |
|         2 | Niharika   | Verma     |  80000 | 2021-06-11 09:00:00 | Admin      |
|         3 | Vishal     | Singhal   | 300000 | 2021-02-20 09:00:00 | HR         |
|         4 | Amitabh    | Singh     | 500000 | 2021-02-20 09:00:00 | Admin      |
|         5 | Vivek      | Bhati     | 500000 | 2021-06-11 09:00:00 | Admin      |
|         6 | Vipul      | Diwan     | 200000 | 2021-06-11 09:00:00 | Account    |
|         7 | Satish     | Kumar     |  75000 | 2021-01-20 09:00:00 | Account    |
|         8 | Geetika    | Chauhan   |  90000 | 2021-04-11 09:00:00 | Admin      |
+-----------+------------+-----------+--------+---------------------+------------+
8 rows in set (0.00 sec)

mysql> Select INSTR(FIRST_NAME, BINARY'a') from Worker where FIRST_NAME = 'Amitabh';
+------------------------------+
| INSTR(FIRST_NAME, BINARY'a') |
+------------------------------+
|                            1 |
+------------------------------+
1 row in set, 1 warning (0.03 sec)


............................................................................................................................
............................................................................................................................
Question-6.Write an SQL query to print the FIRST_NAME from the Worker table after removing white spaces from the right side.
............................................................................................................................
............................................................................................................................

mysql> select  *  from Worker;
+-----------+------------+-----------+--------+---------------------+------------+
| WORKER_ID | FIRST_NAME | LAST_NAME | SALARY | JOINING_DATE        | DEPARTMENT |
+-----------+------------+-----------+--------+---------------------+------------+
|         1 | Monika     | Arora     | 100000 | 2021-02-20 09:00:00 | HR         |
|         2 | Niharika   | Verma     |  80000 | 2021-06-11 09:00:00 | Admin      |
|         3 | Vishal     | Singhal   | 300000 | 2021-02-20 09:00:00 | HR         |
|         4 | Amitabh    | Singh     | 500000 | 2021-02-20 09:00:00 | Admin      |
|         5 | Vivek      | Bhati     | 500000 | 2021-06-11 09:00:00 | Admin      |
|         6 | Vipul      | Diwan     | 200000 | 2021-06-11 09:00:00 | Account    |
|         7 | Satish     | Kumar     |  75000 | 2021-01-20 09:00:00 | Account    |
|         8 | Geetika    | Chauhan   |  90000 | 2021-04-11 09:00:00 | Admin      |
+-----------+------------+-----------+--------+---------------------+------------+
8 rows in set (0.00 sec)

mysql> Select RTRIM(FIRST_NAME) from Worker;
+-------------------+
| RTRIM(FIRST_NAME) |
+-------------------+
| Monika            |
| Niharika          |
| Vishal            |
| Amitabh           |
| Vivek             |
| Vipul             |
| Satish            |
| Geetika           |
+-------------------+
8 rows in set (0.01 sec)

............................................................................................................................
............................................................................................................................
Question-7. Write an SQL query to print the DEPARTMENT from the Worker table after removing white spaces from the left side.
............................................................................................................................
............................................................................................................................

mysql> select  *  from Worker;
+-----------+------------+-----------+--------+---------------------+------------+
| WORKER_ID | FIRST_NAME | LAST_NAME | SALARY | JOINING_DATE        | DEPARTMENT |
+-----------+------------+-----------+--------+---------------------+------------+
|         1 | Monika     | Arora     | 100000 | 2021-02-20 09:00:00 | HR         |
|         2 | Niharika   | Verma     |  80000 | 2021-06-11 09:00:00 | Admin      |
|         3 | Vishal     | Singhal   | 300000 | 2021-02-20 09:00:00 | HR         |
|         4 | Amitabh    | Singh     | 500000 | 2021-02-20 09:00:00 | Admin      |
|         5 | Vivek      | Bhati     | 500000 | 2021-06-11 09:00:00 | Admin      |
|         6 | Vipul      | Diwan     | 200000 | 2021-06-11 09:00:00 | Account    |
|         7 | Satish     | Kumar     |  75000 | 2021-01-20 09:00:00 | Account    |
|         8 | Geetika    | Chauhan   |  90000 | 2021-04-11 09:00:00 | Admin      |
+-----------+------------+-----------+--------+---------------------+------------+
8 rows in set (0.00 sec)

mysql> Select LTRIM(DEPARTMENT) from Worker;
+-------------------+
| LTRIM(DEPARTMENT) |
+-------------------+
| HR                |
| Admin             |
| HR                |
| Admin             |
| Admin             |
| Account           |
| Account           |
| Admin             |
+-------------------+
8 rows in set (0.01 sec)


........................................................................................................................
........................................................................................................................
Question-8. Write an SQL query that fetches the unique values of DEPARTMENT from the Worker table and prints its length.
........................................................................................................................
........................................................................................................................

mysql> select  *  from Worker;
+-----------+------------+-----------+--------+---------------------+------------+
| WORKER_ID | FIRST_NAME | LAST_NAME | SALARY | JOINING_DATE        | DEPARTMENT |
+-----------+------------+-----------+--------+---------------------+------------+
|         1 | Monika     | Arora     | 100000 | 2021-02-20 09:00:00 | HR         |
|         2 | Niharika   | Verma     |  80000 | 2021-06-11 09:00:00 | Admin      |
|         3 | Vishal     | Singhal   | 300000 | 2021-02-20 09:00:00 | HR         |
|         4 | Amitabh    | Singh     | 500000 | 2021-02-20 09:00:00 | Admin      |
|         5 | Vivek      | Bhati     | 500000 | 2021-06-11 09:00:00 | Admin      |
|         6 | Vipul      | Diwan     | 200000 | 2021-06-11 09:00:00 | Account    |
|         7 | Satish     | Kumar     |  75000 | 2021-01-20 09:00:00 | Account    |
|         8 | Geetika    | Chauhan   |  90000 | 2021-04-11 09:00:00 | Admin      |
+-----------+------------+-----------+--------+---------------------+------------+
8 rows in set (0.00 sec)


mysql> Select distinct length(DEPARTMENT) from Worker;
+--------------------+
| length(DEPARTMENT) |
+--------------------+
|                  2 |
|                  5 |
|                  7 |
+--------------------+
3 rows in set (0.02 sec)



...........................................................................................................
...........................................................................................................
question-9.  Write an SQL query to print the FIRST_NAME from the Worker table after replacing ‘a’ with ‘A’.
...........................................................................................................
...........................................................................................................

mysql> select  *  from Worker;
+-----------+------------+-----------+--------+---------------------+------------+
| WORKER_ID | FIRST_NAME | LAST_NAME | SALARY | JOINING_DATE        | DEPARTMENT |
+-----------+------------+-----------+--------+---------------------+------------+
|         1 | Monika     | Arora     | 100000 | 2021-02-20 09:00:00 | HR         |
|         2 | Niharika   | Verma     |  80000 | 2021-06-11 09:00:00 | Admin      |
|         3 | Vishal     | Singhal   | 300000 | 2021-02-20 09:00:00 | HR         |
|         4 | Amitabh    | Singh     | 500000 | 2021-02-20 09:00:00 | Admin      |
|         5 | Vivek      | Bhati     | 500000 | 2021-06-11 09:00:00 | Admin      |
|         6 | Vipul      | Diwan     | 200000 | 2021-06-11 09:00:00 | Account    |
|         7 | Satish     | Kumar     |  75000 | 2021-01-20 09:00:00 | Account    |
|         8 | Geetika    | Chauhan   |  90000 | 2021-04-11 09:00:00 | Admin      |
+-----------+------------+-----------+--------+---------------------+------------+
8 rows in set (0.00 sec)

mysql> Select REPLACE(FIRST_NAME,'a','A') from Worker;
+-----------------------------+
| REPLACE(FIRST_NAME,'a','A') |
+-----------------------------+
| MonikA                      |
| NihArikA                    |
| VishAl                      |
| AmitAbh                     |
| Vivek                       |
| Vipul                       |
| SAtish                      |
| GeetikA                     |
+-----------------------------+
8 rows in set (0.00 sec)

.................................................................................................................................................................
.................................................................................................................................................................
Question-10 Write an SQL query to print the FIRST_NAME and LAST_NAME from the Worker table into a single column COMPLETE_NAME. A space char should separate them.
.................................................................................................................................................................
.................................................................................................................................................................

mysql> select  *  from Worker;
+-----------+------------+-----------+--------+---------------------+------------+
| WORKER_ID | FIRST_NAME | LAST_NAME | SALARY | JOINING_DATE        | DEPARTMENT |
+-----------+------------+-----------+--------+---------------------+------------+
|         1 | Monika     | Arora     | 100000 | 2021-02-20 09:00:00 | HR         |
|         2 | Niharika   | Verma     |  80000 | 2021-06-11 09:00:00 | Admin      |
|         3 | Vishal     | Singhal   | 300000 | 2021-02-20 09:00:00 | HR         |
|         4 | Amitabh    | Singh     | 500000 | 2021-02-20 09:00:00 | Admin      |
|         5 | Vivek      | Bhati     | 500000 | 2021-06-11 09:00:00 | Admin      |
|         6 | Vipul      | Diwan     | 200000 | 2021-06-11 09:00:00 | Account    |
|         7 | Satish     | Kumar     |  75000 | 2021-01-20 09:00:00 | Account    |
|         8 | Geetika    | Chauhan   |  90000 | 2021-04-11 09:00:00 | Admin      |
+-----------+------------+-----------+--------+---------------------+------------+
8 rows in set (0.00 sec)

mysql> Select CONCAT(FIRST_NAME, ' ', LAST_NAME) AS 'COMPLETE_NAME' from Worker;
+-----------------+
| COMPLETE_NAME   |
+-----------------+
| Monika Arora    |
| Niharika Verma  |
| Vishal Singhal  |
| Amitabh Singh   |
| Vivek Bhati     |
| Vipul Diwan     |
| Satish Kumar    |
| Geetika Chauhan |
+-----------------+
8 rows in set (0.00 sec)


...............................................................................................................
...............................................................................................................
Question-11.Write an SQL query to print all Worker details from the Worker table order by FIRST_NAME Ascending.
...............................................................................................................
...............................................................................................................

mysql> select  *  from Worker;
+-----------+------------+-----------+--------+---------------------+------------+
| WORKER_ID | FIRST_NAME | LAST_NAME | SALARY | JOINING_DATE        | DEPARTMENT |
+-----------+------------+-----------+--------+---------------------+------------+
|         1 | Monika     | Arora     | 100000 | 2021-02-20 09:00:00 | HR         |
|         2 | Niharika   | Verma     |  80000 | 2021-06-11 09:00:00 | Admin      |
|         3 | Vishal     | Singhal   | 300000 | 2021-02-20 09:00:00 | HR         |
|         4 | Amitabh    | Singh     | 500000 | 2021-02-20 09:00:00 | Admin      |
|         5 | Vivek      | Bhati     | 500000 | 2021-06-11 09:00:00 | Admin      |
|         6 | Vipul      | Diwan     | 200000 | 2021-06-11 09:00:00 | Account    |
|         7 | Satish     | Kumar     |  75000 | 2021-01-20 09:00:00 | Account    |
|         8 | Geetika    | Chauhan   |  90000 | 2021-04-11 09:00:00 | Admin      |
+-----------+------------+-----------+--------+---------------------+------------+
8 rows in set (0.00 sec)
mysql> Select * from Worker order by FIRST_NAME asc;
+-----------+------------+-----------+--------+---------------------+------------+
| WORKER_ID | FIRST_NAME | LAST_NAME | SALARY | JOINING_DATE        | DEPARTMENT |
+-----------+------------+-----------+--------+---------------------+------------+
|         4 | Amitabh    | Singh     | 500000 | 2021-02-20 09:00:00 | Admin      |
|         8 | Geetika    | Chauhan   |  90000 | 2021-04-11 09:00:00 | Admin      |
|         1 | Monika     | Arora     | 100000 | 2021-02-20 09:00:00 | HR         |
|         2 | Niharika   | Verma     |  80000 | 2021-06-11 09:00:00 | Admin      |
|         7 | Satish     | Kumar     |  75000 | 2021-01-20 09:00:00 | Account    |
|         6 | Vipul      | Diwan     | 200000 | 2021-06-11 09:00:00 | Account    |
|         3 | Vishal     | Singhal   | 300000 | 2021-02-20 09:00:00 | HR         |
|         5 | Vivek      | Bhati     | 500000 | 2021-06-11 09:00:00 | Admin      |
+-----------+------------+-----------+--------+---------------------+------------+
8 rows in set (0.01 sec)

..........................................................................................................................................
..........................................................................................................................................
Question-12. Write an SQL query to print all Worker details from the Worker table order by FIRST_NAME Ascending and DEPARTMENT Descending.
..........................................................................................................................................
..........................................................................................................................................

mysql> select  *  from Worker;
+-----------+------------+-----------+--------+---------------------+------------+
| WORKER_ID | FIRST_NAME | LAST_NAME | SALARY | JOINING_DATE        | DEPARTMENT |
+-----------+------------+-----------+--------+---------------------+------------+
|         1 | Monika     | Arora     | 100000 | 2021-02-20 09:00:00 | HR         |
|         2 | Niharika   | Verma     |  80000 | 2021-06-11 09:00:00 | Admin      |
|         3 | Vishal     | Singhal   | 300000 | 2021-02-20 09:00:00 | HR         |
|         4 | Amitabh    | Singh     | 500000 | 2021-02-20 09:00:00 | Admin      |
|         5 | Vivek      | Bhati     | 500000 | 2021-06-11 09:00:00 | Admin      |
|         6 | Vipul      | Diwan     | 200000 | 2021-06-11 09:00:00 | Account    |
|         7 | Satish     | Kumar     |  75000 | 2021-01-20 09:00:00 | Account    |
|         8 | Geetika    | Chauhan   |  90000 | 2021-04-11 09:00:00 | Admin      |
+-----------+------------+-----------+--------+---------------------+------------+
8 rows in set (0.00 sec)

mysql> Select * from Worker order by FIRST_NAME asc,DEPARTMENT desc;
+-----------+------------+-----------+--------+---------------------+------------+
| WORKER_ID | FIRST_NAME | LAST_NAME | SALARY | JOINING_DATE        | DEPARTMENT |
+-----------+------------+-----------+--------+---------------------+------------+
|         4 | Amitabh    | Singh     | 500000 | 2021-02-20 09:00:00 | Admin      |
|         8 | Geetika    | Chauhan   |  90000 | 2021-04-11 09:00:00 | Admin      |
|         1 | Monika     | Arora     | 100000 | 2021-02-20 09:00:00 | HR         |
|         2 | Niharika   | Verma     |  80000 | 2021-06-11 09:00:00 | Admin      |
|         7 | Satish     | Kumar     |  75000 | 2021-01-20 09:00:00 | Account    |
|         6 | Vipul      | Diwan     | 200000 | 2021-06-11 09:00:00 | Account    |
|         3 | Vishal     | Singhal   | 300000 | 2021-02-20 09:00:00 | HR         |
|         5 | Vivek      | Bhati     | 500000 | 2021-06-11 09:00:00 | Admin      |
+-----------+------------+-----------+--------+---------------------+------------+
8 rows in set (0.00 sec)


............................................................................................................................
............................................................................................................................
Question-13.Write an SQL query to print details for Workers with the first names “Vipul” and “Satish” from the Worker table.
............................................................................................................................
............................................................................................................................
 
mysql> select  *  from Worker;
+-----------+------------+-----------+--------+---------------------+------------+
| WORKER_ID | FIRST_NAME | LAST_NAME | SALARY | JOINING_DATE        | DEPARTMENT |
+-----------+------------+-----------+--------+---------------------+------------+
|         1 | Monika     | Arora     | 100000 | 2021-02-20 09:00:00 | HR         |
|         2 | Niharika   | Verma     |  80000 | 2021-06-11 09:00:00 | Admin      |
|         3 | Vishal     | Singhal   | 300000 | 2021-02-20 09:00:00 | HR         |
|         4 | Amitabh    | Singh     | 500000 | 2021-02-20 09:00:00 | Admin      |
|         5 | Vivek      | Bhati     | 500000 | 2021-06-11 09:00:00 | Admin      |
|         6 | Vipul      | Diwan     | 200000 | 2021-06-11 09:00:00 | Account    |
|         7 | Satish     | Kumar     |  75000 | 2021-01-20 09:00:00 | Account    |
|         8 | Geetika    | Chauhan   |  90000 | 2021-04-11 09:00:00 | Admin      |
+-----------+------------+-----------+--------+---------------------+------------+
8 rows in set (0.00 sec)

mysql> Select * from Worker where FIRST_NAME in ('Vipul','Satish');
+-----------+------------+-----------+--------+---------------------+------------+
| WORKER_ID | FIRST_NAME | LAST_NAME | SALARY | JOINING_DATE        | DEPARTMENT |
+-----------+------------+-----------+--------+---------------------+------------+
|         6 | Vipul      | Diwan     | 200000 | 2021-06-11 09:00:00 | Account    |
|         7 | Satish     | Kumar     |  75000 | 2021-01-20 09:00:00 | Account    |
+-----------+------------+-----------+--------+---------------------+------------+
2 rows in set (0.00 sec)

...................................................................................................................................
...................................................................................................................................
Question-14. Write an SQL query to print details of workers excluding first names, “Vipul” and “Satish” from the Worker table..
...................................................................................................................................
...................................................................................................................................

mysql> select  *  from Worker;
+-----------+------------+-----------+--------+---------------------+------------+
| WORKER_ID | FIRST_NAME | LAST_NAME | SALARY | JOINING_DATE        | DEPARTMENT |
+-----------+------------+-----------+--------+---------------------+------------+
|         1 | Monika     | Arora     | 100000 | 2021-02-20 09:00:00 | HR         |
|         2 | Niharika   | Verma     |  80000 | 2021-06-11 09:00:00 | Admin      |
|         3 | Vishal     | Singhal   | 300000 | 2021-02-20 09:00:00 | HR         |
|         4 | Amitabh    | Singh     | 500000 | 2021-02-20 09:00:00 | Admin      |
|         5 | Vivek      | Bhati     | 500000 | 2021-06-11 09:00:00 | Admin      |
|         6 | Vipul      | Diwan     | 200000 | 2021-06-11 09:00:00 | Account    |
|         7 | Satish     | Kumar     |  75000 | 2021-01-20 09:00:00 | Account    |
|         8 | Geetika    | Chauhan   |  90000 | 2021-04-11 09:00:00 | Admin      |
+-----------+------------+-----------+--------+---------------------+------------+
8 rows in set (0.00 sec)

mysql> Select * from Worker where FIRST_NAME not in ('Vipul','Satish');
+-----------+------------+-----------+--------+---------------------+------------+
| WORKER_ID | FIRST_NAME | LAST_NAME | SALARY | JOINING_DATE        | DEPARTMENT |
+-----------+------------+-----------+--------+---------------------+------------+
|         1 | Monika     | Arora     | 100000 | 2021-02-20 09:00:00 | HR         |
|         2 | Niharika   | Verma     |  80000 | 2021-06-11 09:00:00 | Admin      |
|         3 | Vishal     | Singhal   | 300000 | 2021-02-20 09:00:00 | HR         |
|         4 | Amitabh    | Singh     | 500000 | 2021-02-20 09:00:00 | Admin      |
|         5 | Vivek      | Bhati     | 500000 | 2021-06-11 09:00:00 | Admin      |
|         8 | Geetika    | Chauhan   |  90000 | 2021-04-11 09:00:00 | Admin      |
+-----------+------------+-----------+--------+---------------------+------------+
6 rows in set (0.00 sec)


............................................................................................
............................................................................................
Question-15. Write an SQL query to print details of Workers with DEPARTMENT name as “Admin”.
............................................................................................
............................................................................................

mysql> select  *  from Worker;
+-----------+------------+-----------+--------+---------------------+------------+
| WORKER_ID | FIRST_NAME | LAST_NAME | SALARY | JOINING_DATE        | DEPARTMENT |
+-----------+------------+-----------+--------+---------------------+------------+
|         1 | Monika     | Arora     | 100000 | 2021-02-20 09:00:00 | HR         |
|         2 | Niharika   | Verma     |  80000 | 2021-06-11 09:00:00 | Admin      |
|         3 | Vishal     | Singhal   | 300000 | 2021-02-20 09:00:00 | HR         |
|         4 | Amitabh    | Singh     | 500000 | 2021-02-20 09:00:00 | Admin      |
|         5 | Vivek      | Bhati     | 500000 | 2021-06-11 09:00:00 | Admin      |
|         6 | Vipul      | Diwan     | 200000 | 2021-06-11 09:00:00 | Account    |
|         7 | Satish     | Kumar     |  75000 | 2021-01-20 09:00:00 | Account    |
|         8 | Geetika    | Chauhan   |  90000 | 2021-04-11 09:00:00 | Admin      |
+-----------+------------+-----------+--------+---------------------+------------+
8 rows in set (0.00 sec)


mysql> Select * from Worker where DEPARTMENT like 'Admin%';
+-----------+------------+-----------+--------+---------------------+------------+
| WORKER_ID | FIRST_NAME | LAST_NAME | SALARY | JOINING_DATE        | DEPARTMENT |
+-----------+------------+-----------+--------+---------------------+------------+
|         2 | Niharika   | Verma     |  80000 | 2021-06-11 09:00:00 | Admin      |
|         4 | Amitabh    | Singh     | 500000 | 2021-02-20 09:00:00 | Admin      |
|         5 | Vivek      | Bhati     | 500000 | 2021-06-11 09:00:00 | Admin      |
|         8 | Geetika    | Chauhan   |  90000 | 2021-04-11 09:00:00 | Admin      |
+-----------+------------+-----------+--------+---------------------+------------+
4 rows in set (0.02 sec)

...............................................................................................
...............................................................................................
Question-16.. Write an SQL query to print details of the Workers whose FIRST_NAME contains ‘a’.
...............................................................................................
...............................................................................................

mysql> select  *  from Worker;
+-----------+------------+-----------+--------+---------------------+------------+
| WORKER_ID | FIRST_NAME | LAST_NAME | SALARY | JOINING_DATE        | DEPARTMENT |
+-----------+------------+-----------+--------+---------------------+------------+
|         1 | Monika     | Arora     | 100000 | 2021-02-20 09:00:00 | HR         |
|         2 | Niharika   | Verma     |  80000 | 2021-06-11 09:00:00 | Admin      |
|         3 | Vishal     | Singhal   | 300000 | 2021-02-20 09:00:00 | HR         |
|         4 | Amitabh    | Singh     | 500000 | 2021-02-20 09:00:00 | Admin      |
|         5 | Vivek      | Bhati     | 500000 | 2021-06-11 09:00:00 | Admin      |
|         6 | Vipul      | Diwan     | 200000 | 2021-06-11 09:00:00 | Account    |
|         7 | Satish     | Kumar     |  75000 | 2021-01-20 09:00:00 | Account    |
|         8 | Geetika    | Chauhan   |  90000 | 2021-04-11 09:00:00 | Admin      |
+-----------+------------+-----------+--------+---------------------+------------+
8 rows in set (0.00 sec)

mysql> Select * from Worker where FIRST_NAME like '%a%';
+-----------+------------+-----------+--------+---------------------+------------+
| WORKER_ID | FIRST_NAME | LAST_NAME | SALARY | JOINING_DATE        | DEPARTMENT |
+-----------+------------+-----------+--------+---------------------+------------+
|         1 | Monika     | Arora     | 100000 | 2021-02-20 09:00:00 | HR         |
|         2 | Niharika   | Verma     |  80000 | 2021-06-11 09:00:00 | Admin      |
|         3 | Vishal     | Singhal   | 300000 | 2021-02-20 09:00:00 | HR         |
|         4 | Amitabh    | Singh     | 500000 | 2021-02-20 09:00:00 | Admin      |
|         7 | Satish     | Kumar     |  75000 | 2021-01-20 09:00:00 | Account    |
|         8 | Geetika    | Chauhan   |  90000 | 2021-04-11 09:00:00 | Admin      |
+-----------+------------+-----------+--------+---------------------+------------+
6 rows in set (0.00 sec)


...............................................................................................
...............................................................................................
Question-17. Write an SQL query to print details of the Workers whose FIRST_NAME ends with ‘a’.
...............................................................................................
...............................................................................................

mysql> select  *  from Worker;
+-----------+------------+-----------+--------+---------------------+------------+
| WORKER_ID | FIRST_NAME | LAST_NAME | SALARY | JOINING_DATE        | DEPARTMENT |
+-----------+------------+-----------+--------+---------------------+------------+
|         1 | Monika     | Arora     | 100000 | 2021-02-20 09:00:00 | HR         |
|         2 | Niharika   | Verma     |  80000 | 2021-06-11 09:00:00 | Admin      |
|         3 | Vishal     | Singhal   | 300000 | 2021-02-20 09:00:00 | HR         |
|         4 | Amitabh    | Singh     | 500000 | 2021-02-20 09:00:00 | Admin      |
|         5 | Vivek      | Bhati     | 500000 | 2021-06-11 09:00:00 | Admin      |
|         6 | Vipul      | Diwan     | 200000 | 2021-06-11 09:00:00 | Account    |
|         7 | Satish     | Kumar     |  75000 | 2021-01-20 09:00:00 | Account    |
|         8 | Geetika    | Chauhan   |  90000 | 2021-04-11 09:00:00 | Admin      |
+-----------+------------+-----------+--------+---------------------+------------+
8 rows in set (0.00 sec)

mysql> Select * from Worker where FIRST_NAME like '%a';
+-----------+------------+-----------+--------+---------------------+------------+
| WORKER_ID | FIRST_NAME | LAST_NAME | SALARY | JOINING_DATE        | DEPARTMENT |
+-----------+------------+-----------+--------+---------------------+------------+
|         1 | Monika     | Arora     | 100000 | 2021-02-20 09:00:00 | HR         |
|         2 | Niharika   | Verma     |  80000 | 2021-06-11 09:00:00 | Admin      |
|         8 | Geetika    | Chauhan   |  90000 | 2021-04-11 09:00:00 | Admin      |
+-----------+------------+-----------+--------+---------------------+------------+
3 rows in set (0.00 sec)


..........................................................................................................................
..........................................................................................................................
Question-18. Write an SQL query to print details of the Workers whose FIRST_NAME ends with ‘h’ and contains six alphabets.
..........................................................................................................................
..........................................................................................................................

mysql> select  *  from Worker;
+-----------+------------+-----------+--------+---------------------+------------+
| WORKER_ID | FIRST_NAME | LAST_NAME | SALARY | JOINING_DATE        | DEPARTMENT |
+-----------+------------+-----------+--------+---------------------+------------+
|         1 | Monika     | Arora     | 100000 | 2021-02-20 09:00:00 | HR         |
|         2 | Niharika   | Verma     |  80000 | 2021-06-11 09:00:00 | Admin      |
|         3 | Vishal     | Singhal   | 300000 | 2021-02-20 09:00:00 | HR         |
|         4 | Amitabh    | Singh     | 500000 | 2021-02-20 09:00:00 | Admin      |
|         5 | Vivek      | Bhati     | 500000 | 2021-06-11 09:00:00 | Admin      |
|         6 | Vipul      | Diwan     | 200000 | 2021-06-11 09:00:00 | Account    |
|         7 | Satish     | Kumar     |  75000 | 2021-01-20 09:00:00 | Account    |
|         8 | Geetika    | Chauhan   |  90000 | 2021-04-11 09:00:00 | Admin      |
+-----------+------------+-----------+--------+---------------------+------------+
8 rows in set (0.00 sec)

mysql> Select * from Worker where FIRST_NAME like '_____h';
+-----------+------------+-----------+--------+---------------------+------------+
| WORKER_ID | FIRST_NAME | LAST_NAME | SALARY | JOINING_DATE        | DEPARTMENT |
+-----------+------------+-----------+--------+---------------------+------------+
|         7 | Satish     | Kumar     |  75000 | 2021-01-20 09:00:00 | Account    |
+-----------+------------+-----------+--------+---------------------+------------+
1 row in set (0.00 sec)

............................................................................................................
............................................................................................................
Question-19. Write an SQL query to print details of the Workers whose SALARY lies between 100000 and 500000.
............................................................................................................
............................................................................................................

mysql> select  *  from Worker;
+-----------+------------+-----------+--------+---------------------+------------+
| WORKER_ID | FIRST_NAME | LAST_NAME | SALARY | JOINING_DATE        | DEPARTMENT |
+-----------+------------+-----------+--------+---------------------+------------+
|         1 | Monika     | Arora     | 100000 | 2021-02-20 09:00:00 | HR         |
|         2 | Niharika   | Verma     |  80000 | 2021-06-11 09:00:00 | Admin      |
|         3 | Vishal     | Singhal   | 300000 | 2021-02-20 09:00:00 | HR         |
|         4 | Amitabh    | Singh     | 500000 | 2021-02-20 09:00:00 | Admin      |
|         5 | Vivek      | Bhati     | 500000 | 2021-06-11 09:00:00 | Admin      |
|         6 | Vipul      | Diwan     | 200000 | 2021-06-11 09:00:00 | Account    |
|         7 | Satish     | Kumar     |  75000 | 2021-01-20 09:00:00 | Account    |
|         8 | Geetika    | Chauhan   |  90000 | 2021-04-11 09:00:00 | Admin      |
+-----------+------------+-----------+--------+---------------------+------------+
8 rows in set (0.00 sec)

mysql> Select * from Worker where SALARY between 100000 and 500000;
+-----------+------------+-----------+--------+---------------------+------------+
| WORKER_ID | FIRST_NAME | LAST_NAME | SALARY | JOINING_DATE        | DEPARTMENT |
+-----------+------------+-----------+--------+---------------------+------------+
|         1 | Monika     | Arora     | 100000 | 2021-02-20 09:00:00 | HR         |
|         3 | Vishal     | Singhal   | 300000 | 2021-02-20 09:00:00 | HR         |
|         4 | Amitabh    | Singh     | 500000 | 2021-02-20 09:00:00 | Admin      |
|         5 | Vivek      | Bhati     | 500000 | 2021-06-11 09:00:00 | Admin      |
|         6 | Vipul      | Diwan     | 200000 | 2021-06-11 09:00:00 | Account    |
+-----------+------------+-----------+--------+---------------------+------------+
5 rows in set (0.00 sec)

........................................................................................
........................................................................................
Questions-20. Write an SQL query to print details of the Workers who joined in Feb 2021.
.........................................................................................
.........................................................................................

mysql> select  *  from Worker;
+-----------+------------+-----------+--------+---------------------+------------+
| WORKER_ID | FIRST_NAME | LAST_NAME | SALARY | JOINING_DATE        | DEPARTMENT |
+-----------+------------+-----------+--------+---------------------+------------+
|         1 | Monika     | Arora     | 100000 | 2021-02-20 09:00:00 | HR         |
|         2 | Niharika   | Verma     |  80000 | 2021-06-11 09:00:00 | Admin      |
|         3 | Vishal     | Singhal   | 300000 | 2021-02-20 09:00:00 | HR         |
|         4 | Amitabh    | Singh     | 500000 | 2021-02-20 09:00:00 | Admin      |
|         5 | Vivek      | Bhati     | 500000 | 2021-06-11 09:00:00 | Admin      |
|         6 | Vipul      | Diwan     | 200000 | 2021-06-11 09:00:00 | Account    |
|         7 | Satish     | Kumar     |  75000 | 2021-01-20 09:00:00 | Account    |
|         8 | Geetika    | Chauhan   |  90000 | 2021-04-11 09:00:00 | Admin      |
+-----------+------------+-----------+--------+---------------------+------------+
8 rows in set (0.00 sec)

mysql> Select * from Worker where year(JOINING_DATE) = 2021 and month(JOINING_DATE) = 2;
+-----------+------------+-----------+--------+---------------------+------------+
| WORKER_ID | FIRST_NAME | LAST_NAME | SALARY | JOINING_DATE        | DEPARTMENT |
+-----------+------------+-----------+--------+---------------------+------------+
|         1 | Monika     | Arora     | 100000 | 2021-02-20 09:00:00 | HR         |
|         3 | Vishal     | Singhal   | 300000 | 2021-02-20 09:00:00 | HR         |
|         4 | Amitabh    | Singh     | 500000 | 2021-02-20 09:00:00 | Admin      |
+-----------+------------+-----------+--------+---------------------+------------+
3 rows in set (0.02 sec)


..................................................................................................
..................................................................................................
Question-21. Write an SQL query to fetch the count of employees working in the department ‘Admin’.
..................................................................................................
..................................................................................................

mysql> select  *  from Worker;
+-----------+------------+-----------+--------+---------------------+------------+
| WORKER_ID | FIRST_NAME | LAST_NAME | SALARY | JOINING_DATE        | DEPARTMENT |
+-----------+------------+-----------+--------+---------------------+------------+
|         1 | Monika     | Arora     | 100000 | 2021-02-20 09:00:00 | HR         |
|         2 | Niharika   | Verma     |  80000 | 2021-06-11 09:00:00 | Admin      |
|         3 | Vishal     | Singhal   | 300000 | 2021-02-20 09:00:00 | HR         |
|         4 | Amitabh    | Singh     | 500000 | 2021-02-20 09:00:00 | Admin      |
|         5 | Vivek      | Bhati     | 500000 | 2021-06-11 09:00:00 | Admin      |
|         6 | Vipul      | Diwan     | 200000 | 2021-06-11 09:00:00 | Account    |
|         7 | Satish     | Kumar     |  75000 | 2021-01-20 09:00:00 | Account    |
|         8 | Geetika    | Chauhan   |  90000 | 2021-04-11 09:00:00 | Admin      |
+-----------+------------+-----------+--------+---------------------+------------+
8 rows in set (0.00 sec)

mysql> SELECT COUNT(*) FROM worker WHERE DEPARTMENT = 'Admin';
+----------+
| COUNT(*) |
+----------+
|        4 |
+----------+
1 row in set (0.01 sec)



..........................................................................................
..........................................................................................
Question-22.Write an SQL query to fetch worker names with salaries >= 50000 and <= 100000.
..........................................................................................
..........................................................................................

mysql> select  *  from Worker;
+-----------+------------+-----------+--------+---------------------+------------+
| WORKER_ID | FIRST_NAME | LAST_NAME | SALARY | JOINING_DATE        | DEPARTMENT |
+-----------+------------+-----------+--------+---------------------+------------+
|         1 | Monika     | Arora     | 100000 | 2021-02-20 09:00:00 | HR         |
|         2 | Niharika   | Verma     |  80000 | 2021-06-11 09:00:00 | Admin      |
|         3 | Vishal     | Singhal   | 300000 | 2021-02-20 09:00:00 | HR         |
|         4 | Amitabh    | Singh     | 500000 | 2021-02-20 09:00:00 | Admin      |
|         5 | Vivek      | Bhati     | 500000 | 2021-06-11 09:00:00 | Admin      |
|         6 | Vipul      | Diwan     | 200000 | 2021-06-11 09:00:00 | Account    |
|         7 | Satish     | Kumar     |  75000 | 2021-01-20 09:00:00 | Account    |
|         8 | Geetika    | Chauhan   |  90000 | 2021-04-11 09:00:00 | Admin      |
+-----------+------------+-----------+--------+---------------------+------------+
8 rows in set (0.00 sec)

mysql> SELECT CONCAT(FIRST_NAME, ' ', LAST_NAME) As Worker_Name, Salary
    -> FROM worker
    -> WHERE WORKER_ID IN
    -> (SELECT WORKER_ID FROM worker
    -> WHERE Salary BETWEEN 50000 AND 100000);
+-----------------+--------+
| Worker_Name     | Salary |
+-----------------+--------+
| Monika Arora    | 100000 |
| Niharika Verma  |  80000 |
| Satish Kumar    |  75000 |
| Geetika Chauhan |  90000 |
+-----------------+--------+
4 rows in set (0.00 sec)


......................................................................................................
......................................................................................................
Question-23.Write an SQL query to fetch the number of workers for each department in descending order.
......................................................................................................
......................................................................................................

mysql> select  *  from Worker;
+-----------+------------+-----------+--------+---------------------+------------+
| WORKER_ID | FIRST_NAME | LAST_NAME | SALARY | JOINING_DATE        | DEPARTMENT |
+-----------+------------+-----------+--------+---------------------+------------+
|         1 | Monika     | Arora     | 100000 | 2021-02-20 09:00:00 | HR         |
|         2 | Niharika   | Verma     |  80000 | 2021-06-11 09:00:00 | Admin      |
|         3 | Vishal     | Singhal   | 300000 | 2021-02-20 09:00:00 | HR         |
|         4 | Amitabh    | Singh     | 500000 | 2021-02-20 09:00:00 | Admin      |
|         5 | Vivek      | Bhati     | 500000 | 2021-06-11 09:00:00 | Admin      |
|         6 | Vipul      | Diwan     | 200000 | 2021-06-11 09:00:00 | Account    |
|         7 | Satish     | Kumar     |  75000 | 2021-01-20 09:00:00 | Account    |
|         8 | Geetika    | Chauhan   |  90000 | 2021-04-11 09:00:00 | Admin      |
+-----------+------------+-----------+--------+---------------------+------------+
8 rows in set (0.00 sec)

mysql> SELECT DEPARTMENT, count(WORKER_ID) No_Of_Workers
    -> FROM worker
    -> GROUP BY DEPARTMENT
    -> ORDER BY No_Of_Workers DESC;
+------------+---------------+
| DEPARTMENT | No_Of_Workers |
+------------+---------------+
| Admin      |             4 |
| HR         |             2 |
| Account    |             2 |
+------------+---------------+
3 rows in set (0.00 sec)

.....................................................................................
.....................................................................................
Question-24.Write an SQL query to print details of the Workers who are also Managers. 
.....................................................................................
.....................................................................................

mysql> select * from title;
+---------------+---------------+---------------------+
| WORKER_REF_ID | WORKER_TITLE  | AFFECTED_FROM       |
+---------------+---------------+---------------------+
|             1 | Manager       | 2023-02-20 00:00:00 |
|             2 | Executive     | 2023-06-11 00:00:00 |
|             8 | Executive     | 2023-06-11 00:00:00 |
|             5 | Manager       | 2023-06-11 00:00:00 |
|             4 | Asst. Manager | 2023-06-11 00:00:00 |
|             7 | Executive     | 2023-06-11 00:00:00 |
|             6 | Lead          | 2023-06-11 00:00:00 |
|             3 | Lead          | 2023-06-11 00:00:00 |
+---------------+---------------+---------------------+
8 rows in set (0.03 sec)

mysql> select  *  from Worker;
+-----------+------------+-----------+--------+---------------------+------------+
| WORKER_ID | FIRST_NAME | LAST_NAME | SALARY | JOINING_DATE        | DEPARTMENT |
+-----------+------------+-----------+--------+---------------------+------------+
|         1 | Monika     | Arora     | 100000 | 2021-02-20 09:00:00 | HR         |
|         2 | Niharika   | Verma     |  80000 | 2021-06-11 09:00:00 | Admin      |
|         3 | Vishal     | Singhal   | 300000 | 2021-02-20 09:00:00 | HR         |
|         4 | Amitabh    | Singh     | 500000 | 2021-02-20 09:00:00 | Admin      |
|         5 | Vivek      | Bhati     | 500000 | 2021-06-11 09:00:00 | Admin      |
|         6 | Vipul      | Diwan     | 200000 | 2021-06-11 09:00:00 | Account    |
|         7 | Satish     | Kumar     |  75000 | 2021-01-20 09:00:00 | Account    |
|         8 | Geetika    | Chauhan   |  90000 | 2021-04-11 09:00:00 | Admin      |
+-----------+------------+-----------+--------+---------------------+------------+
8 rows in set (0.00 sec)

mysql> SELECT DISTINCT W.FIRST_NAME, T.WORKER_TITLE
    -> FROM Worker W
    -> INNER JOIN Title T
    -> ON W.WORKER_ID = T.WORKER_REF_ID
    -> AND T.WORKER_TITLE in ('Manager');
+------------+--------------+
| FIRST_NAME | WORKER_TITLE |
+------------+--------------+
| Monika     | Manager      |
| Vivek      | Manager      |
+------------+--------------+
2 rows in set (0.00 sec)

.........................................................................................................
.........................................................................................................
Question-25.Write an SQL query to fetch duplicate records having matching data in some fields of a table.
.........................................................................................................
.........................................................................................................

mysql> select * from title;
+---------------+---------------+---------------------+
| WORKER_REF_ID | WORKER_TITLE  | AFFECTED_FROM       |
+---------------+---------------+---------------------+
|             1 | Manager       | 2023-02-20 00:00:00 |
|             2 | Executive     | 2023-06-11 00:00:00 |
|             8 | Executive     | 2023-06-11 00:00:00 |
|             5 | Manager       | 2023-06-11 00:00:00 |
|             4 | Asst. Manager | 2023-06-11 00:00:00 |
|             7 | Executive     | 2023-06-11 00:00:00 |
|             6 | Lead          | 2023-06-11 00:00:00 |
|             3 | Lead          | 2023-06-11 00:00:00 |
+---------------+---------------+---------------------+
8 rows in set (0.03 sec)

mysql> select  *  from Worker;
+-----------+------------+-----------+--------+---------------------+------------+
| WORKER_ID | FIRST_NAME | LAST_NAME | SALARY | JOINING_DATE        | DEPARTMENT |
+-----------+------------+-----------+--------+---------------------+------------+
|         1 | Monika     | Arora     | 100000 | 2021-02-20 09:00:00 | HR         |
|         2 | Niharika   | Verma     |  80000 | 2021-06-11 09:00:00 | Admin      |
|         3 | Vishal     | Singhal   | 300000 | 2021-02-20 09:00:00 | HR         |
|         4 | Amitabh    | Singh     | 500000 | 2021-02-20 09:00:00 | Admin      |
|         5 | Vivek      | Bhati     | 500000 | 2021-06-11 09:00:00 | Admin      |
|         6 | Vipul      | Diwan     | 200000 | 2021-06-11 09:00:00 | Account    |
|         7 | Satish     | Kumar     |  75000 | 2021-01-20 09:00:00 | Account    |
|         8 | Geetika    | Chauhan   |  90000 | 2021-04-11 09:00:00 | Admin      |
+-----------+------------+-----------+--------+---------------------+------------+
8 rows in set (0.00 sec)

mysql> SELECT WORKER_TITLE, AFFECTED_FROM, COUNT(*)
    -> FROM Title
    -> GROUP BY WORKER_TITLE, AFFECTED_FROM
    -> HAVING COUNT(*) > 1;
+--------------+---------------------+----------+
| WORKER_TITLE | AFFECTED_FROM       | COUNT(*) |
+--------------+---------------------+----------+
| Executive    | 2023-06-11 00:00:00 |        3 |
| Lead         | 2023-06-11 00:00:00 |        2 |
+--------------+---------------------+----------+
2 rows in set (0.00 sec)


...................................................................
...................................................................
Question-26. Write an SQL query to show only odd rows from a table.
...................................................................
...................................................................

mysql> select  *  from Worker;
+-----------+------------+-----------+--------+---------------------+------------+
| WORKER_ID | FIRST_NAME | LAST_NAME | SALARY | JOINING_DATE        | DEPARTMENT |
+-----------+------------+-----------+--------+---------------------+------------+
|         1 | Monika     | Arora     | 100000 | 2021-02-20 09:00:00 | HR         |
|         2 | Niharika   | Verma     |  80000 | 2021-06-11 09:00:00 | Admin      |
|         3 | Vishal     | Singhal   | 300000 | 2021-02-20 09:00:00 | HR         |
|         4 | Amitabh    | Singh     | 500000 | 2021-02-20 09:00:00 | Admin      |
|         5 | Vivek      | Bhati     | 500000 | 2021-06-11 09:00:00 | Admin      |
|         6 | Vipul      | Diwan     | 200000 | 2021-06-11 09:00:00 | Account    |
|         7 | Satish     | Kumar     |  75000 | 2021-01-20 09:00:00 | Account    |
|         8 | Geetika    | Chauhan   |  90000 | 2021-04-11 09:00:00 | Admin      |
+-----------+------------+-----------+--------+---------------------+------------+
8 rows in set (0.00 sec)

mysql> SELECT * FROM Worker WHERE MOD (WORKER_ID, 2) <> 0;
+-----------+------------+-----------+--------+---------------------+------------+
| WORKER_ID | FIRST_NAME | LAST_NAME | SALARY | JOINING_DATE        | DEPARTMENT |
+-----------+------------+-----------+--------+---------------------+------------+
|         1 | Monika     | Arora     | 100000 | 2021-02-20 09:00:00 | HR         |
|         3 | Vishal     | Singhal   | 300000 | 2021-02-20 09:00:00 | HR         |
|         5 | Vivek      | Bhati     | 500000 | 2021-06-11 09:00:00 | Admin      |
|         7 | Satish     | Kumar     |  75000 | 2021-01-20 09:00:00 | Account    |
+-----------+------------+-----------+--------+---------------------+------------+
4 rows in set (0.00 sec)

....................................................................
....................................................................
Question-27. Write an SQL query to show only even rows from a table.
....................................................................
....................................................................
mysql> select  *  from Worker;
+-----------+------------+-----------+--------+---------------------+------------+
| WORKER_ID | FIRST_NAME | LAST_NAME | SALARY | JOINING_DATE        | DEPARTMENT |
+-----------+------------+-----------+--------+---------------------+------------+
|         1 | Monika     | Arora     | 100000 | 2021-02-20 09:00:00 | HR         |
|         2 | Niharika   | Verma     |  80000 | 2021-06-11 09:00:00 | Admin      |
|         3 | Vishal     | Singhal   | 300000 | 2021-02-20 09:00:00 | HR         |
|         4 | Amitabh    | Singh     | 500000 | 2021-02-20 09:00:00 | Admin      |
|         5 | Vivek      | Bhati     | 500000 | 2021-06-11 09:00:00 | Admin      |
|         6 | Vipul      | Diwan     | 200000 | 2021-06-11 09:00:00 | Account    |
|         7 | Satish     | Kumar     |  75000 | 2021-01-20 09:00:00 | Account    |
|         8 | Geetika    | Chauhan   |  90000 | 2021-04-11 09:00:00 | Admin      |
+-----------+------------+-----------+--------+---------------------+------------+
8 rows in set (0.00 sec)


mysql> SELECT * FROM Worker WHERE MOD (WORKER_ID, 2) = 0;
+-----------+------------+-----------+--------+---------------------+------------+
| WORKER_ID | FIRST_NAME | LAST_NAME | SALARY | JOINING_DATE        | DEPARTMENT |
+-----------+------------+-----------+--------+---------------------+------------+
|         2 | Niharika   | Verma     |  80000 | 2021-06-11 09:00:00 | Admin      |
|         4 | Amitabh    | Singh     | 500000 | 2021-02-20 09:00:00 | Admin      |
|         6 | Vipul      | Diwan     | 200000 | 2021-06-11 09:00:00 | Account    |
|         8 | Geetika    | Chauhan   |  90000 | 2021-04-11 09:00:00 | Admin      |
+-----------+------------+-----------+--------+---------------------+------------+
4 rows in set (0.00 sec)
........................................................................
........................................................................
Question-28. Write an SQL query to clone a new table from another table.
........................................................................
........................................................................

mysql> show tables;
+----------------+
| Tables_in_mydb |
+----------------+
| bonus          |
| title          |
| worker         |
| workerclonee   |
+----------------+
4 rows in set (0.00 sec)

mysql> select * from workerclonee;
+-----------+------------+-----------+--------+---------------------+------------+
| WORKER_ID | FIRST_NAME | LAST_NAME | SALARY | JOINING_DATE        | DEPARTMENT |
+-----------+------------+-----------+--------+---------------------+------------+
|         1 | Monika     | Arora     | 100000 | 2021-02-20 09:00:00 | HR         |
|         2 | Niharika   | Verma     |  80000 | 2021-06-11 09:00:00 | Admin      |
|         3 | Vishal     | Singhal   | 300000 | 2021-02-20 09:00:00 | HR         |
|         4 | Amitabh    | Singh     | 500000 | 2021-02-20 09:00:00 | Admin      |
|         5 | Vivek      | Bhati     | 500000 | 2021-06-11 09:00:00 | Admin      |
|         6 | Vipul      | Diwan     | 200000 | 2021-06-11 09:00:00 | Account    |
|         7 | Satish     | Kumar     |  75000 | 2021-01-20 09:00:00 | Account    |
|         8 | Geetika    | Chauhan   |  90000 | 2021-04-11 09:00:00 | Admin      |
+-----------+------------+-----------+--------+---------------------+------------+
8 rows in set (0.00 sec)

mysql> insert into workerclonee select * from worker;
Query OK, 8 rows affected (0.09 sec)
Records: 8  Duplicates: 0  Warnings: 0

mysql> select * from workerclonee;
+-----------+------------+-----------+--------+---------------------+------------+
| WORKER_ID | FIRST_NAME | LAST_NAME | SALARY | JOINING_DATE        | DEPARTMENT |
+-----------+------------+-----------+--------+---------------------+------------+
|         1 | Monika     | Arora     | 100000 | 2021-02-20 09:00:00 | HR         |
|         2 | Niharika   | Verma     |  80000 | 2021-06-11 09:00:00 | Admin      |
|         3 | Vishal     | Singhal   | 300000 | 2021-02-20 09:00:00 | HR         |
|         4 | Amitabh    | Singh     | 500000 | 2021-02-20 09:00:00 | Admin      |
|         5 | Vivek      | Bhati     | 500000 | 2021-06-11 09:00:00 | Admin      |
|         6 | Vipul      | Diwan     | 200000 | 2021-06-11 09:00:00 | Account    |
|         7 | Satish     | Kumar     |  75000 | 2021-01-20 09:00:00 | Account    |
|         8 | Geetika    | Chauhan   |  90000 | 2021-04-11 09:00:00 | Admin      |
|         1 | Monika     | Arora     | 100000 | 2021-02-20 09:00:00 | HR         |
|         2 | Niharika   | Verma     |  80000 | 2021-06-11 09:00:00 | Admin      |
|         3 | Vishal     | Singhal   | 300000 | 2021-02-20 09:00:00 | HR         |
|         4 | Amitabh    | Singh     | 500000 | 2021-02-20 09:00:00 | Admin      |
|         5 | Vivek      | Bhati     | 500000 | 2021-06-11 09:00:00 | Admin      |
|         6 | Vipul      | Diwan     | 200000 | 2021-06-11 09:00:00 | Account    |
|         7 | Satish     | Kumar     |  75000 | 2021-01-20 09:00:00 | Account    |
|         8 | Geetika    | Chauhan   |  90000 | 2021-04-11 09:00:00 | Admin      |
+-----------+------------+-----------+--------+---------------------+------------+
16 rows in set (0.00 sec)

............................................................................
............................................................................
Question-29. Write an SQL query to fetch intersecting records of two tables.
............................................................................
............................................................................
mysql> select * from Worker;
+-----------+------------+-----------+--------+---------------------+------------+
| WORKER_ID | FIRST_NAME | LAST_NAME | SALARY | JOINING_DATE        | DEPARTMENT |
+-----------+------------+-----------+--------+---------------------+------------+
|         1 | Monika     | Arora     | 100000 | 2021-02-20 09:00:00 | HR         |
|         2 | Niharika   | Verma     |  80000 | 2021-06-11 09:00:00 | Admin      |
|         3 | Vishal     | Singhal   | 300000 | 2021-02-20 09:00:00 | HR         |
|         4 | Amitabh    | Singh     | 500000 | 2021-02-20 09:00:00 | Admin      |
|         5 | Vivek      | Bhati     | 500000 | 2021-06-11 09:00:00 | Admin      |
|         6 | Vipul      | Diwan     | 200000 | 2021-06-11 09:00:00 | Account    |
|         7 | Satish     | Kumar     |  75000 | 2021-01-20 09:00:00 | Account    |
|         8 | Geetika    | Chauhan   |  90000 | 2021-04-11 09:00:00 | Admin      |
+-----------+------------+-----------+--------+---------------------+------------+
8 rows in set (0.07 sec)

mysql> select * from Workerclonee;
+-----------+------------+-----------+--------+---------------------+------------+
| WORKER_ID | FIRST_NAME | LAST_NAME | SALARY | JOINING_DATE        | DEPARTMENT |
+-----------+------------+-----------+--------+---------------------+------------+
|         1 | Monika     | Arora     | 100000 | 2021-02-20 09:00:00 | HR         |
|         2 | Niharika   | Verma     |  80000 | 2021-06-11 09:00:00 | Admin      |
|         3 | Vishal     | Singhal   | 300000 | 2021-02-20 09:00:00 | HR         |
|         4 | Amitabh    | Singh     | 500000 | 2021-02-20 09:00:00 | Admin      |
|         5 | Vivek      | Bhati     | 500000 | 2021-06-11 09:00:00 | Admin      |
|         6 | Vipul      | Diwan     | 200000 | 2021-06-11 09:00:00 | Account    |
|         7 | Satish     | Kumar     |  75000 | 2021-01-20 09:00:00 | Account    |
|         8 | Geetika    | Chauhan   |  90000 | 2021-04-11 09:00:00 | Admin      |
|         1 | Monika     | Arora     | 100000 | 2021-02-20 09:00:00 | HR         |
|         2 | Niharika   | Verma     |  80000 | 2021-06-11 09:00:00 | Admin      |
|         3 | Vishal     | Singhal   | 300000 | 2021-02-20 09:00:00 | HR         |
|         4 | Amitabh    | Singh     | 500000 | 2021-02-20 09:00:00 | Admin      |
|         5 | Vivek      | Bhati     | 500000 | 2021-06-11 09:00:00 | Admin      |
|         6 | Vipul      | Diwan     | 200000 | 2021-06-11 09:00:00 | Account    |
|         7 | Satish     | Kumar     |  75000 | 2021-01-20 09:00:00 | Account    |
|         8 | Geetika    | Chauhan   |  90000 | 2021-04-11 09:00:00 | Admin      |
+-----------+------------+-----------+--------+---------------------+------------+
16 rows in set (0.00 sec)

mysql> (select * from Worker) intersect (select * from Workerclonee);
+-----------+------------+-----------+--------+---------------------+------------+
| WORKER_ID | FIRST_NAME | LAST_NAME | SALARY | JOINING_DATE        | DEPARTMENT |
+-----------+------------+-----------+--------+---------------------+------------+
|         1 | Monika     | Arora     | 100000 | 2021-02-20 09:00:00 | HR         |
|         2 | Niharika   | Verma     |  80000 | 2021-06-11 09:00:00 | Admin      |
|         3 | Vishal     | Singhal   | 300000 | 2021-02-20 09:00:00 | HR         |
|         4 | Amitabh    | Singh     | 500000 | 2021-02-20 09:00:00 | Admin      |
|         5 | Vivek      | Bhati     | 500000 | 2021-06-11 09:00:00 | Admin      |
|         6 | Vipul      | Diwan     | 200000 | 2021-06-11 09:00:00 | Account    |
|         7 | Satish     | Kumar     |  75000 | 2021-01-20 09:00:00 | Account    |
|         8 | Geetika    | Chauhan   |  90000 | 2021-04-11 09:00:00 | Admin      |
+-----------+------------+-----------+--------+---------------------+------------+
8 rows in set (0.00 sec)

................................................................................................
................................................................................................
Question-30. Write an SQL query to show records from one table that another table does not have.
................................................................................................
................................................................................................


.................................................................
.................................................................
Qestion-31. Write an SQL query to show the current date and time.
.................................................................
.................................................................

 ORDER BY Salary DES' at line 1
mysql> SELECT CURDATE();
+------------+
| CURDATE()  |
+------------+
| 2024-06-01 |
+------------+
1 row in set (0.02 sec)

mysql> SELECT NOW();
+---------------------+
| NOW()               |
+---------------------+
| 2024-06-01 14:34:09 |
+---------------------+
1 row in set (0.00 sec)

.............................................................................
.............................................................................
Qustion-32. Write an SQL query to show the top n (say 10) records of a table.
.............................................................................
.............................................................................

mysql> select * from Worker;
+-----------+------------+-----------+--------+---------------------+------------+
| WORKER_ID | FIRST_NAME | LAST_NAME | SALARY | JOINING_DATE        | DEPARTMENT |
+-----------+------------+-----------+--------+---------------------+------------+
|         1 | Monika     | Arora     | 100000 | 2021-02-20 09:00:00 | HR         |
|         2 | Niharika   | Verma     |  80000 | 2021-06-11 09:00:00 | Admin      |
|         3 | Vishal     | Singhal   | 300000 | 2021-02-20 09:00:00 | HR         |
|         4 | Amitabh    | Singh     | 500000 | 2021-02-20 09:00:00 | Admin      |
|         5 | Vivek      | Bhati     | 500000 | 2021-06-11 09:00:00 | Admin      |
|         6 | Vipul      | Diwan     | 200000 | 2021-06-11 09:00:00 | Account    |
|         7 | Satish     | Kumar     |  75000 | 2021-01-20 09:00:00 | Account    |
|         8 | Geetika    | Chauhan   |  90000 | 2021-04-11 09:00:00 | Admin      |
+-----------+------------+-----------+--------+---------------------+------------+
8 rows in set (0.00 sec)
mysql> SELECT * FROM Worker ORDER BY Salary DESC LIMIT 10;
+-----------+------------+-----------+--------+---------------------+------------+
| WORKER_ID | FIRST_NAME | LAST_NAME | SALARY | JOINING_DATE        | DEPARTMENT |
+-----------+------------+-----------+--------+---------------------+------------+
|         4 | Amitabh    | Singh     | 500000 | 2021-02-20 09:00:00 | Admin      |
|         5 | Vivek      | Bhati     | 500000 | 2021-06-11 09:00:00 | Admin      |
|         3 | Vishal     | Singhal   | 300000 | 2021-02-20 09:00:00 | HR         |
|         6 | Vipul      | Diwan     | 200000 | 2021-06-11 09:00:00 | Account    |
|         1 | Monika     | Arora     | 100000 | 2021-02-20 09:00:00 | HR         |
|         8 | Geetika    | Chauhan   |  90000 | 2021-04-11 09:00:00 | Admin      |
|         2 | Niharika   | Verma     |  80000 | 2021-06-11 09:00:00 | Admin      |
|         7 | Satish     | Kumar     |  75000 | 2021-01-20 09:00:00 | Account    |
+-----------+------------+-----------+--------+---------------------+------------+
8 rows in set (0.00 sec)

...........................................................................................
...........................................................................................
Question-33. Write an SQL query to determine the nth (say n=5) highest salary from a table.
...........................................................................................
...........................................................................................

mysql> select * from Worker;
+-----------+------------+-----------+--------+---------------------+------------+
| WORKER_ID | FIRST_NAME | LAST_NAME | SALARY | JOINING_DATE        | DEPARTMENT |
+-----------+------------+-----------+--------+---------------------+------------+
|         1 | Monika     | Arora     | 100000 | 2021-02-20 09:00:00 | HR         |
|         2 | Niharika   | Verma     |  80000 | 2021-06-11 09:00:00 | Admin      |
|         3 | Vishal     | Singhal   | 300000 | 2021-02-20 09:00:00 | HR         |
|         4 | Amitabh    | Singh     | 500000 | 2021-02-20 09:00:00 | Admin      |
|         5 | Vivek      | Bhati     | 500000 | 2021-06-11 09:00:00 | Admin      |
|         6 | Vipul      | Diwan     | 200000 | 2021-06-11 09:00:00 | Account    |
|         7 | Satish     | Kumar     |  75000 | 2021-01-20 09:00:00 | Account    |
|         8 | Geetika    | Chauhan   |  90000 | 2021-04-11 09:00:00 | Admin      |
+-----------+------------+-----------+--------+---------------------+------------+
8 rows in set (0.00 sec)

mysql> SELECT distinct Salary from worker a WHERE 5 >= (SELECT count(distinct Salary) from worker b WHERE a.Salary <= b.Salary) order by a.Salary desc;
+--------+
| Salary |
+--------+
| 500000 |
| 300000 |
| 200000 |
| 100000 |
|  90000 |
+--------+
5 rows in set (0.00 sec)


..........................................................................................................
..........................................................................................................
Question-34. Write an SQL query to determine the 5th highest salary without using the TOP or limit method.
..........................................................................................................
..........................................................................................................
mysql> select * from Worker;
+-----------+------------+-----------+--------+---------------------+------------+
| WORKER_ID | FIRST_NAME | LAST_NAME | SALARY | JOINING_DATE        | DEPARTMENT |
+-----------+------------+-----------+--------+---------------------+------------+
|         1 | Monika     | Arora     | 100000 | 2021-02-20 09:00:00 | HR         |
|         2 | Niharika   | Verma     |  80000 | 2021-06-11 09:00:00 | Admin      |
|         3 | Vishal     | Singhal   | 300000 | 2021-02-20 09:00:00 | HR         |
|         4 | Amitabh    | Singh     | 500000 | 2021-02-20 09:00:00 | Admin      |
|         5 | Vivek      | Bhati     | 500000 | 2021-06-11 09:00:00 | Admin      |
|         6 | Vipul      | Diwan     | 200000 | 2021-06-11 09:00:00 | Account    |
|         7 | Satish     | Kumar     |  75000 | 2021-01-20 09:00:00 | Account    |
|         8 | Geetika    | Chauhan   |  90000 | 2021-04-11 09:00:00 | Admin      |
+-----------+------------+-----------+--------+---------------------+------------+
8 rows in set (0.00 sec)
mysql> SELECT Salary
    -> FROM Worker W1
    -> WHERE 4 = (
    ->  SELECT COUNT( DISTINCT ( W2.Salary ) )
    ->  FROM Worker W2
    ->  WHERE W2.Salary >= W1.Salary
    ->  );
+--------+
| Salary |
+--------+
| 100000 |
+--------+
1 row in set (0.07 sec)

....................................................................................
....................................................................................
Question-35. Write an SQL query to fetch the list of employees with the same salary.
....................................................................................
....................................................................................

mysql> select * from Worker;
+-----------+------------+-----------+--------+---------------------+------------+
| WORKER_ID | FIRST_NAME | LAST_NAME | SALARY | JOINING_DATE        | DEPARTMENT |
+-----------+------------+-----------+--------+---------------------+------------+
|         1 | Monika     | Arora     | 100000 | 2021-02-20 09:00:00 | HR         |
|         2 | Niharika   | Verma     |  80000 | 2021-06-11 09:00:00 | Admin      |
|         3 | Vishal     | Singhal   | 300000 | 2021-02-20 09:00:00 | HR         |
|         4 | Amitabh    | Singh     | 500000 | 2021-02-20 09:00:00 | Admin      |
|         5 | Vivek      | Bhati     | 500000 | 2021-06-11 09:00:00 | Admin      |
|         6 | Vipul      | Diwan     | 200000 | 2021-06-11 09:00:00 | Account    |
|         7 | Satish     | Kumar     |  75000 | 2021-01-20 09:00:00 | Account    |
|         8 | Geetika    | Chauhan   |  90000 | 2021-04-11 09:00:00 | Admin      |
+-----------+------------+-----------+--------+---------------------+------------+
8 rows in set (0.00 sec)

mysql> Select distinct W.WORKER_ID, W.FIRST_NAME, W.Salary
    -> from Worker W, Worker W1
    -> where W.Salary = W1.Salary
    -> and W.WORKER_ID != W1.WORKER_ID;
+-----------+------------+--------+
| WORKER_ID | FIRST_NAME | Salary |
+-----------+------------+--------+
|         5 | Vivek      | 500000 |
|         4 | Amitabh    | 500000 |
+-----------+------------+--------+
2 rows in set (0.00 sec)

...............................................................................
...............................................................................
Question-36. Write an SQL query to show the second-highest salary from a table.
...............................................................................
...............................................................................

mysql> select * from Worker;
+-----------+------------+-----------+--------+---------------------+------------+
| WORKER_ID | FIRST_NAME | LAST_NAME | SALARY | JOINING_DATE        | DEPARTMENT |
+-----------+------------+-----------+--------+---------------------+------------+
|         1 | Monika     | Arora     | 100000 | 2021-02-20 09:00:00 | HR         |
|         2 | Niharika   | Verma     |  80000 | 2021-06-11 09:00:00 | Admin      |
|         3 | Vishal     | Singhal   | 300000 | 2021-02-20 09:00:00 | HR         |
|         4 | Amitabh    | Singh     | 500000 | 2021-02-20 09:00:00 | Admin      |
|         5 | Vivek      | Bhati     | 500000 | 2021-06-11 09:00:00 | Admin      |
|         6 | Vipul      | Diwan     | 200000 | 2021-06-11 09:00:00 | Account    |
|         7 | Satish     | Kumar     |  75000 | 2021-01-20 09:00:00 | Account    |
|         8 | Geetika    | Chauhan   |  90000 | 2021-04-11 09:00:00 | Admin      |
+-----------+------------+-----------+--------+---------------------+------------+
8 rows in set (0.00 sec)

mysql> Select max(Salary) from Worker
    -> where Salary not in (Select max(Salary) from Worker);
+-------------+
| max(Salary) |
+-------------+
|      300000 |
+-------------+
1 row in set (0.02 sec)

..................................................................................
..................................................................................
Question-37. Write an SQL query to show one row twice in the results from a table.
..................................................................................
..................................................................................
mysql> select * from Worker;
+-----------+------------+-----------+--------+---------------------+------------+
| WORKER_ID | FIRST_NAME | LAST_NAME | SALARY | JOINING_DATE        | DEPARTMENT |
+-----------+------------+-----------+--------+---------------------+------------+
|         1 | Monika     | Arora     | 100000 | 2021-02-20 09:00:00 | HR         |
|         2 | Niharika   | Verma     |  80000 | 2021-06-11 09:00:00 | Admin      |
|         3 | Vishal     | Singhal   | 300000 | 2021-02-20 09:00:00 | HR         |
|         4 | Amitabh    | Singh     | 500000 | 2021-02-20 09:00:00 | Admin      |
|         5 | Vivek      | Bhati     | 500000 | 2021-06-11 09:00:00 | Admin      |
|         6 | Vipul      | Diwan     | 200000 | 2021-06-11 09:00:00 | Account    |
|         7 | Satish     | Kumar     |  75000 | 2021-01-20 09:00:00 | Account    |
|         8 | Geetika    | Chauhan   |  90000 | 2021-04-11 09:00:00 | Admin      |
+-----------+------------+-----------+--------+---------------------+------------+
8 rows in set (0.00 sec)

mysql> select FIRST_NAME, DEPARTMENT from worker W where W.DEPARTMENT='HR'
    -> union all
    -> select FIRST_NAME, DEPARTMENT from Worker W1 where W1.DEPARTMENT='HR';
+------------+------------+
| FIRST_NAME | DEPARTMENT |
+------------+------------+
| Monika     | HR         |
| Vishal     | HR         |
| Monika     | HR         |
| Vishal     | HR         |
+------------+------------+
4 rows in set (0.02 sec)

............................................................................
............................................................................
Question-38. Write an SQL query to fetch intersecting records of two tables.
............................................................................
............................................................................
mysql> select * from Worker;
+-----------+------------+-----------+--------+---------------------+------------+
| WORKER_ID | FIRST_NAME | LAST_NAME | SALARY | JOINING_DATE        | DEPARTMENT |
+-----------+------------+-----------+--------+---------------------+------------+
|         1 | Monika     | Arora     | 100000 | 2021-02-20 09:00:00 | HR         |
|         2 | Niharika   | Verma     |  80000 | 2021-06-11 09:00:00 | Admin      |
|         3 | Vishal     | Singhal   | 300000 | 2021-02-20 09:00:00 | HR         |
|         4 | Amitabh    | Singh     | 500000 | 2021-02-20 09:00:00 | Admin      |
|         5 | Vivek      | Bhati     | 500000 | 2021-06-11 09:00:00 | Admin      |
|         6 | Vipul      | Diwan     | 200000 | 2021-06-11 09:00:00 | Account    |
|         7 | Satish     | Kumar     |  75000 | 2021-01-20 09:00:00 | Account    |
|         8 | Geetika    | Chauhan   |  90000 | 2021-04-11 09:00:00 | Admin      |
+-----------+------------+-----------+--------+---------------------+------------+
8 rows in set (0.00 sec)

mysql> select * from Workerclonee;
+-----------+------------+-----------+--------+---------------------+------------+
| WORKER_ID | FIRST_NAME | LAST_NAME | SALARY | JOINING_DATE        | DEPARTMENT |
+-----------+------------+-----------+--------+---------------------+------------+
|         1 | Monika     | Arora     | 100000 | 2021-02-20 09:00:00 | HR         |
|         2 | Niharika   | Verma     |  80000 | 2021-06-11 09:00:00 | Admin      |
|         3 | Vishal     | Singhal   | 300000 | 2021-02-20 09:00:00 | HR         |
|         4 | Amitabh    | Singh     | 500000 | 2021-02-20 09:00:00 | Admin      |
|         5 | Vivek      | Bhati     | 500000 | 2021-06-11 09:00:00 | Admin      |
|         6 | Vipul      | Diwan     | 200000 | 2021-06-11 09:00:00 | Account    |
|         7 | Satish     | Kumar     |  75000 | 2021-01-20 09:00:00 | Account    |
|         8 | Geetika    | Chauhan   |  90000 | 2021-04-11 09:00:00 | Admin      |
|         1 | Monika     | Arora     | 100000 | 2021-02-20 09:00:00 | HR         |
|         2 | Niharika   | Verma     |  80000 | 2021-06-11 09:00:00 | Admin      |
|         3 | Vishal     | Singhal   | 300000 | 2021-02-20 09:00:00 | HR         |
|         4 | Amitabh    | Singh     | 500000 | 2021-02-20 09:00:00 | Admin      |
|         5 | Vivek      | Bhati     | 500000 | 2021-06-11 09:00:00 | Admin      |
|         6 | Vipul      | Diwan     | 200000 | 2021-06-11 09:00:00 | Account    |
|         7 | Satish     | Kumar     |  75000 | 2021-01-20 09:00:00 | Account    |
|         8 | Geetika    | Chauhan   |  90000 | 2021-04-11 09:00:00 | Admin      |
+-----------+------------+-----------+--------+---------------------+------------+
16 rows in set (0.00 sec)

mysql> (SELECT * FROM Worker)
    -> INTERSECT
    -> (SELECT * FROM WorkerClone);
ERROR 1146 (42S02): Table 'mydb.workerclone' doesn't exist
mysql> (SELECT * FROM Worker)
    -> INTERSECT
    -> (SELECT * FROM WorkerClonee);
+-----------+------------+-----------+--------+---------------------+------------+
| WORKER_ID | FIRST_NAME | LAST_NAME | SALARY | JOINING_DATE        | DEPARTMENT |
+-----------+------------+-----------+--------+---------------------+------------+
|         1 | Monika     | Arora     | 100000 | 2021-02-20 09:00:00 | HR         |
|         2 | Niharika   | Verma     |  80000 | 2021-06-11 09:00:00 | Admin      |
|         3 | Vishal     | Singhal   | 300000 | 2021-02-20 09:00:00 | HR         |
|         4 | Amitabh    | Singh     | 500000 | 2021-02-20 09:00:00 | Admin      |
|         5 | Vivek      | Bhati     | 500000 | 2021-06-11 09:00:00 | Admin      |
|         6 | Vipul      | Diwan     | 200000 | 2021-06-11 09:00:00 | Account    |
|         7 | Satish     | Kumar     |  75000 | 2021-01-20 09:00:00 | Account    |
|         8 | Geetika    | Chauhan   |  90000 | 2021-04-11 09:00:00 | Admin      |
+-----------+------------+-----------+--------+---------------------+------------+
8 rows in set (0.00 sec)

...............................................................................
...............................................................................
Question-39. Write an SQL query to fetch the first 50% of records from a table.
...............................................................................
...............................................................................
mysql> select * from Worker;
+-----------+------------+-----------+--------+---------------------+------------+
| WORKER_ID | FIRST_NAME | LAST_NAME | SALARY | JOINING_DATE        | DEPARTMENT |
+-----------+------------+-----------+--------+---------------------+------------+
|         1 | Monika     | Arora     | 100000 | 2021-02-20 09:00:00 | HR         |
|         2 | Niharika   | Verma     |  80000 | 2021-06-11 09:00:00 | Admin      |
|         3 | Vishal     | Singhal   | 300000 | 2021-02-20 09:00:00 | HR         |
|         4 | Amitabh    | Singh     | 500000 | 2021-02-20 09:00:00 | Admin      |
|         5 | Vivek      | Bhati     | 500000 | 2021-06-11 09:00:00 | Admin      |
|         6 | Vipul      | Diwan     | 200000 | 2021-06-11 09:00:00 | Account    |
|         7 | Satish     | Kumar     |  75000 | 2021-01-20 09:00:00 | Account    |
|         8 | Geetika    | Chauhan   |  90000 | 2021-04-11 09:00:00 | Admin      |
+-----------+------------+-----------+--------+---------------------+------------+
8 rows in set (0.00 sec)
mysql> SELECT *
    -> FROM WORKER
    -> WHERE WORKER_ID <= (SELECT count(WORKER_ID)/2 from Worker);
+-----------+------------+-----------+--------+---------------------+------------+
| WORKER_ID | FIRST_NAME | LAST_NAME | SALARY | JOINING_DATE        | DEPARTMENT |
+-----------+------------+-----------+--------+---------------------+------------+
|         1 | Monika     | Arora     | 100000 | 2021-02-20 09:00:00 | HR         |
|         2 | Niharika   | Verma     |  80000 | 2021-06-11 09:00:00 | Admin      |
|         3 | Vishal     | Singhal   | 300000 | 2021-02-20 09:00:00 | HR         |
|         4 | Amitabh    | Singh     | 500000 | 2021-02-20 09:00:00 | Admin      |
+-----------+------------+-----------+--------+---------------------+------------+
4 rows in set (0.07 sec)

................................................................................................
................................................................................................
Qustion-40. Write an SQL query to fetch the departments that have less than five people in them.
................................................................................................
................................................................................................
mysql> select * from Worker;
+-----------+------------+-----------+--------+---------------------+------------+
| WORKER_ID | FIRST_NAME | LAST_NAME | SALARY | JOINING_DATE        | DEPARTMENT |
+-----------+------------+-----------+--------+---------------------+------------+
|         1 | Monika     | Arora     | 100000 | 2021-02-20 09:00:00 | HR         |
|         2 | Niharika   | Verma     |  80000 | 2021-06-11 09:00:00 | Admin      |
|         3 | Vishal     | Singhal   | 300000 | 2021-02-20 09:00:00 | HR         |
|         4 | Amitabh    | Singh     | 500000 | 2021-02-20 09:00:00 | Admin      |
|         5 | Vivek      | Bhati     | 500000 | 2021-06-11 09:00:00 | Admin      |
|         6 | Vipul      | Diwan     | 200000 | 2021-06-11 09:00:00 | Account    |
|         7 | Satish     | Kumar     |  75000 | 2021-01-20 09:00:00 | Account    |
|         8 | Geetika    | Chauhan   |  90000 | 2021-04-11 09:00:00 | Admin      |
+-----------+------------+-----------+--------+---------------------+------------+
8 rows in set (0.00 sec)

mysql> SELECT DEPARTMENT, COUNT(WORKER_ID) as 'Number of Workers' FROM Worker GROUP BY DEPARTMENT HAVING COUNT(WORKER_ID) < 5;
+------------+-------------------+
| DEPARTMENT | Number of Workers |
+------------+-------------------+
| HR         |                 2 |
| Admin      |                 4 |
| Account    |                 2 |
+------------+-------------------+
3 rows in set (0.02 sec)

................................................................................................
................................................................................................
Qustion-41. Write an SQL query to show all departments along with the number of people in there.
................................................................................................
................................................................................................
mysql> select * from Worker;
+-----------+------------+-----------+--------+---------------------+------------+
| WORKER_ID | FIRST_NAME | LAST_NAME | SALARY | JOINING_DATE        | DEPARTMENT |
+-----------+------------+-----------+--------+---------------------+------------+
|         1 | Monika     | Arora     | 100000 | 2021-02-20 09:00:00 | HR         |
|         2 | Niharika   | Verma     |  80000 | 2021-06-11 09:00:00 | Admin      |
|         3 | Vishal     | Singhal   | 300000 | 2021-02-20 09:00:00 | HR         |
|         4 | Amitabh    | Singh     | 500000 | 2021-02-20 09:00:00 | Admin      |
|         5 | Vivek      | Bhati     | 500000 | 2021-06-11 09:00:00 | Admin      |
|         6 | Vipul      | Diwan     | 200000 | 2021-06-11 09:00:00 | Account    |
|         7 | Satish     | Kumar     |  75000 | 2021-01-20 09:00:00 | Account    |
|         8 | Geetika    | Chauhan   |  90000 | 2021-04-11 09:00:00 | Admin      |
+-----------+------------+-----------+--------+---------------------+------------+
8 rows in set (0.00 sec)

mysql> SELECT DEPARTMENT, COUNT(DEPARTMENT) as 'Number of Workers' FROM Worker GROUP BY DEPARTMENT;
+------------+-------------------+
| DEPARTMENT | Number of Workers |
+------------+-------------------+
| HR         |                 2 |
| Admin      |                 4 |
| Account    |                 2 |
+------------+-------------------+
3 rows in set (0.00 sec)

.....................................................................
.....................................................................
Question-42. Write an SQL query to show the last record from a table.
.....................................................................
.....................................................................
mysql> select * from Worker;
+-----------+------------+-----------+--------+---------------------+------------+
| WORKER_ID | FIRST_NAME | LAST_NAME | SALARY | JOINING_DATE        | DEPARTMENT |
+-----------+------------+-----------+--------+---------------------+------------+
|         1 | Monika     | Arora     | 100000 | 2021-02-20 09:00:00 | HR         |
|         2 | Niharika   | Verma     |  80000 | 2021-06-11 09:00:00 | Admin      |
|         3 | Vishal     | Singhal   | 300000 | 2021-02-20 09:00:00 | HR         |
|         4 | Amitabh    | Singh     | 500000 | 2021-02-20 09:00:00 | Admin      |
|         5 | Vivek      | Bhati     | 500000 | 2021-06-11 09:00:00 | Admin      |
|         6 | Vipul      | Diwan     | 200000 | 2021-06-11 09:00:00 | Account    |
|         7 | Satish     | Kumar     |  75000 | 2021-01-20 09:00:00 | Account    |
|         8 | Geetika    | Chauhan   |  90000 | 2021-04-11 09:00:00 | Admin      |
+-----------+------------+-----------+--------+---------------------+------------+
8 rows in set (0.00 sec)
mysql> Select * from Worker where WORKER_ID = (SELECT max(WORKER_ID) from Worker);
+-----------+------------+-----------+--------+---------------------+------------+
| WORKER_ID | FIRST_NAME | LAST_NAME | SALARY | JOINING_DATE        | DEPARTMENT |
+-----------+------------+-----------+--------+---------------------+------------+
|         8 | Geetika    | Chauhan   |  90000 | 2021-04-11 09:00:00 | Admin      |
+-----------+------------+-----------+--------+---------------------+------------+
1 row in set (0.00 sec)

.................................................................
.................................................................
Qustion-43. Write an SQL query to fetch the first row of a table.
.................................................................
.................................................................
mysql> select * from Worker;
+-----------+------------+-----------+--------+---------------------+------------+
| WORKER_ID | FIRST_NAME | LAST_NAME | SALARY | JOINING_DATE        | DEPARTMENT |
+-----------+------------+-----------+--------+---------------------+------------+
|         1 | Monika     | Arora     | 100000 | 2021-02-20 09:00:00 | HR         |
|         2 | Niharika   | Verma     |  80000 | 2021-06-11 09:00:00 | Admin      |
|         3 | Vishal     | Singhal   | 300000 | 2021-02-20 09:00:00 | HR         |
|         4 | Amitabh    | Singh     | 500000 | 2021-02-20 09:00:00 | Admin      |
|         5 | Vivek      | Bhati     | 500000 | 2021-06-11 09:00:00 | Admin      |
|         6 | Vipul      | Diwan     | 200000 | 2021-06-11 09:00:00 | Account    |
|         7 | Satish     | Kumar     |  75000 | 2021-01-20 09:00:00 | Account    |
|         8 | Geetika    | Chauhan   |  90000 | 2021-04-11 09:00:00 | Admin      |
+-----------+------------+-----------+--------+---------------------+------------+
8 rows in set (0.00 sec)

mysql> Select * from Worker where WORKER_ID = (SELECT min(WORKER_ID) from Worker);
+-----------+------------+-----------+--------+---------------------+------------+
| WORKER_ID | FIRST_NAME | LAST_NAME | SALARY | JOINING_DATE        | DEPARTMENT |
+-----------+------------+-----------+--------+---------------------+------------+
|         1 | Monika     | Arora     | 100000 | 2021-02-20 09:00:00 | HR         |
+-----------+------------+-----------+--------+---------------------+------------+
1 row in set (0.00 sec)

............................................................................
............................................................................
Question-44. Write an SQL query to fetch the last five records from a table.
............................................................................
............................................................................
mysql> select * from Worker;
+-----------+------------+-----------+--------+---------------------+------------+
| WORKER_ID | FIRST_NAME | LAST_NAME | SALARY | JOINING_DATE        | DEPARTMENT |
+-----------+------------+-----------+--------+---------------------+------------+
|         1 | Monika     | Arora     | 100000 | 2021-02-20 09:00:00 | HR         |
|         2 | Niharika   | Verma     |  80000 | 2021-06-11 09:00:00 | Admin      |
|         3 | Vishal     | Singhal   | 300000 | 2021-02-20 09:00:00 | HR         |
|         4 | Amitabh    | Singh     | 500000 | 2021-02-20 09:00:00 | Admin      |
|         5 | Vivek      | Bhati     | 500000 | 2021-06-11 09:00:00 | Admin      |
|         6 | Vipul      | Diwan     | 200000 | 2021-06-11 09:00:00 | Account    |
|         7 | Satish     | Kumar     |  75000 | 2021-01-20 09:00:00 | Account    |
|         8 | Geetika    | Chauhan   |  90000 | 2021-04-11 09:00:00 | Admin      |
+-----------+------------+-----------+--------+---------------------+------------+
8 rows in set (0.00 sec)

mysql> SELECT * FROM Worker WHERE WORKER_ID >=5
    -> UNION
    -> SELECT * FROM (SELECT * FROM Worker W order by W.WORKER_ID DESC) AS W1 WHERE W1.WORKER_ID >=5;
+-----------+------------+-----------+--------+---------------------+------------+
| WORKER_ID | FIRST_NAME | LAST_NAME | SALARY | JOINING_DATE        | DEPARTMENT |
+-----------+------------+-----------+--------+---------------------+------------+
|         5 | Vivek      | Bhati     | 500000 | 2021-06-11 09:00:00 | Admin      |
|         6 | Vipul      | Diwan     | 200000 | 2021-06-11 09:00:00 | Account    |
|         7 | Satish     | Kumar     |  75000 | 2021-01-20 09:00:00 | Account    |
|         8 | Geetika    | Chauhan   |  90000 | 2021-04-11 09:00:00 | Admin      |
+-----------+------------+-----------+--------+---------------------+------------+
4 rows in set (0.00 sec)

.............................................................................................................
.............................................................................................................
Question-45. Write an SQL query to print the names of employees having the highest salary in each department.
.............................................................................................................
.............................................................................................................
mysql> SELECT * FROM Worker;
+-----------+------------+-----------+--------+---------------------+------------+
| WORKER_ID | FIRST_NAME | LAST_NAME | SALARY | JOINING_DATE        | DEPARTMENT |
+-----------+------------+-----------+--------+---------------------+------------+
|         1 | Monika     | Arora     | 100000 | 2021-02-20 09:00:00 | HR         |
|         2 | Niharika   | Verma     |  80000 | 2021-06-11 09:00:00 | Admin      |
|         3 | Vishal     | Singhal   | 300000 | 2021-02-20 09:00:00 | HR         |
|         4 | Amitabh    | Singh     | 500000 | 2021-02-20 09:00:00 | Admin      |
|         5 | Vivek      | Bhati     | 500000 | 2021-06-11 09:00:00 | Admin      |
|         6 | Vipul      | Diwan     | 200000 | 2021-06-11 09:00:00 | Account    |
|         7 | Satish     | Kumar     |  75000 | 2021-01-20 09:00:00 | Account    |
|         8 | Geetika    | Chauhan   |  90000 | 2021-04-11 09:00:00 | Admin      |
+-----------+------------+-----------+--------+---------------------+------------+
8 rows in set (0.00 sec)

mysql> SELECT t.DEPARTMENT,t.FIRST_NAME,t.Salary from(SELECT max(Salary) as TotalSalary,DEPARTMENT from Worker group by DEPARTMENT) as TempNew
    -> Inner Join Worker t on TempNew.DEPARTMENT=t.DEPARTMENT
    ->  and TempNew.TotalSalary=t.Salary;
+------------+------------+--------+
| DEPARTMENT | FIRST_NAME | Salary |
+------------+------------+--------+
| HR         | Vishal     | 300000 |
| Admin      | Amitabh    | 500000 |
| Admin      | Vivek      | 500000 |
| Account    | Vipul      | 200000 |
+------------+------------+--------+
4 rows in set (0.00 sec)

.........................................................................
.........................................................................
Question-46. Write an SQL query to fetch three max salaries from a table.
.........................................................................
.........................................................................
mysql> SELECT * FROM Worker;
+-----------+------------+-----------+--------+---------------------+------------+
| WORKER_ID | FIRST_NAME | LAST_NAME | SALARY | JOINING_DATE        | DEPARTMENT |
+-----------+------------+-----------+--------+---------------------+------------+
|         1 | Monika     | Arora     | 100000 | 2021-02-20 09:00:00 | HR         |
|         2 | Niharika   | Verma     |  80000 | 2021-06-11 09:00:00 | Admin      |
|         3 | Vishal     | Singhal   | 300000 | 2021-02-20 09:00:00 | HR         |
|         4 | Amitabh    | Singh     | 500000 | 2021-02-20 09:00:00 | Admin      |
|         5 | Vivek      | Bhati     | 500000 | 2021-06-11 09:00:00 | Admin      |
|         6 | Vipul      | Diwan     | 200000 | 2021-06-11 09:00:00 | Account    |
|         7 | Satish     | Kumar     |  75000 | 2021-01-20 09:00:00 | Account    |
|         8 | Geetika    | Chauhan   |  90000 | 2021-04-11 09:00:00 | Admin      |
+-----------+------------+-----------+--------+---------------------+------------+
8 rows in set (0.00 sec)

mysql> SELECT distinct Salary from worker a WHERE 3 >= (SELECT count(distinct Salary) from worker b WHERE a.Salary <= b.Salary) order by a.Salary desc;
+--------+
| Salary |
+--------+
| 500000 |
| 300000 |
| 200000 |
+--------+
3 rows in set (0.00 sec)
mysql> select * from Worker order by salary desc limit 3;
+-----------+------------+-----------+--------+---------------------+------------+
| WORKER_ID | FIRST_NAME | LAST_NAME | SALARY | JOINING_DATE        | DEPARTMENT |
+-----------+------------+-----------+--------+---------------------+------------+
|         4 | Amitabh    | Singh     | 500000 | 2021-02-20 09:00:00 | Admin      |
|         5 | Vivek      | Bhati     | 500000 | 2021-06-11 09:00:00 | Admin      |
|         3 | Vishal     | Singhal   | 300000 | 2021-02-20 09:00:00 | HR         |
+-----------+------------+-----------+--------+---------------------+------------+
3 rows in set (0.00 sec)

.........................................................................
.........................................................................
Question-47. Write an SQL query to fetch three min salaries from a table.
.........................................................................
.........................................................................

mysql> SELECT * FROM Worker;
+-----------+------------+-----------+--------+---------------------+------------+
| WORKER_ID | FIRST_NAME | LAST_NAME | SALARY | JOINING_DATE        | DEPARTMENT |
+-----------+------------+-----------+--------+---------------------+------------+
|         1 | Monika     | Arora     | 100000 | 2021-02-20 09:00:00 | HR         |
|         2 | Niharika   | Verma     |  80000 | 2021-06-11 09:00:00 | Admin      |
|         3 | Vishal     | Singhal   | 300000 | 2021-02-20 09:00:00 | HR         |
|         4 | Amitabh    | Singh     | 500000 | 2021-02-20 09:00:00 | Admin      |
|         5 | Vivek      | Bhati     | 500000 | 2021-06-11 09:00:00 | Admin      |
|         6 | Vipul      | Diwan     | 200000 | 2021-06-11 09:00:00 | Account    |
|         7 | Satish     | Kumar     |  75000 | 2021-01-20 09:00:00 | Account    |
|         8 | Geetika    | Chauhan   |  90000 | 2021-04-11 09:00:00 | Admin      |
+-----------+------------+-----------+--------+---------------------+------------+
8 rows in set (0.00 sec)

mysql> SELECT distinct Salary from worker a WHERE 3 >= (SELECT count(distinct Salary) from worker b WHERE a.Salary >= b.Salary) order by a.Salary desc;
+--------+
| Salary |
+--------+
|  90000 |
|  80000 |
|  75000 |
+--------+
3 rows in set (0.00 sec)

mysql> select * from Worker order by salary limit 3;
+-----------+------------+-----------+--------+---------------------+------------+
| WORKER_ID | FIRST_NAME | LAST_NAME | SALARY | JOINING_DATE        | DEPARTMENT |
+-----------+------------+-----------+--------+---------------------+------------+
|         7 | Satish     | Kumar     |  75000 | 2021-01-20 09:00:00 | Account    |
|         2 | Niharika   | Verma     |  80000 | 2021-06-11 09:00:00 | Admin      |
|         8 | Geetika    | Chauhan   |  90000 | 2021-04-11 09:00:00 | Admin      |
+-----------+------------+-----------+--------+---------------------+------------+
3 rows in set (0.00 sec)

........................................................................
........................................................................
Question-48. Write an SQL query to fetch nth max salaries from a table..
........................................................................
........................................................................
mysql> SELECT * FROM Worker;
+-----------+------------+-----------+--------+---------------------+------------+
| WORKER_ID | FIRST_NAME | LAST_NAME | SALARY | JOINING_DATE        | DEPARTMENT |
+-----------+------------+-----------+--------+---------------------+------------+
|         1 | Monika     | Arora     | 100000 | 2021-02-20 09:00:00 | HR         |
|         2 | Niharika   | Verma     |  80000 | 2021-06-11 09:00:00 | Admin      |
|         3 | Vishal     | Singhal   | 300000 | 2021-02-20 09:00:00 | HR         |
|         4 | Amitabh    | Singh     | 500000 | 2021-02-20 09:00:00 | Admin      |
|         5 | Vivek      | Bhati     | 500000 | 2021-06-11 09:00:00 | Admin      |
|         6 | Vipul      | Diwan     | 200000 | 2021-06-11 09:00:00 | Account    |
|         7 | Satish     | Kumar     |  75000 | 2021-01-20 09:00:00 | Account    |
|         8 | Geetika    | Chauhan   |  90000 | 2021-04-11 09:00:00 | Admin      |
+-----------+------------+-----------+--------+---------------------+------------+
8 rows in set (0.00 sec)

mysql> SELECT distinct Salary from worker a WHERE 3 >= (SELECT count(distinct Salary) from worker b WHERE a.Salary <= b.Salary) order by a.Salary desc;
+--------+
| Salary |
+--------+
| 500000 |
| 300000 |
| 200000 |
+--------+
3 rows in set (0.00 sec)
mysql> select * from Worker order by salary desc limit 3;
+-----------+------------+-----------+--------+---------------------+------------+
| WORKER_ID | FIRST_NAME | LAST_NAME | SALARY | JOINING_DATE        | DEPARTMENT |
+-----------+------------+-----------+--------+---------------------+------------+
|         4 | Amitabh    | Singh     | 500000 | 2021-02-20 09:00:00 | Admin      |
|         5 | Vivek      | Bhati     | 500000 | 2021-06-11 09:00:00 | Admin      |
|         3 | Vishal     | Singhal   | 300000 | 2021-02-20 09:00:00 | HR         |
+-----------+------------+-----------+--------+---------------------+------------+
3 rows in set (0.00 sec)

mysql> SELECT distinct Salary from worker a WHERE (SELECT count(distinct Salary) from worker b WHERE a.Salary <= b.Salary) order by a.Salary desc;
+--------+
| Salary |
+--------+
| 500000 |
| 300000 |
| 200000 |
| 100000 |
|  90000 |
|  80000 |
|  75000 |
+--------+
7 rows in set (0.00 sec)

.........................................................................................................
.........................................................................................................
Question-49. Write an SQL query to fetch departments along with the total salaries paid for each of them.
.........................................................................................................
.........................................................................................................
mysql> SELECT * FROM Worker;
+-----------+------------+-----------+--------+---------------------+------------+
| WORKER_ID | FIRST_NAME | LAST_NAME | SALARY | JOINING_DATE        | DEPARTMENT |
+-----------+------------+-----------+--------+---------------------+------------+
|         1 | Monika     | Arora     | 100000 | 2021-02-20 09:00:00 | HR         |
|         2 | Niharika   | Verma     |  80000 | 2021-06-11 09:00:00 | Admin      |
|         3 | Vishal     | Singhal   | 300000 | 2021-02-20 09:00:00 | HR         |
|         4 | Amitabh    | Singh     | 500000 | 2021-02-20 09:00:00 | Admin      |
|         5 | Vivek      | Bhati     | 500000 | 2021-06-11 09:00:00 | Admin      |
|         6 | Vipul      | Diwan     | 200000 | 2021-06-11 09:00:00 | Account    |
|         7 | Satish     | Kumar     |  75000 | 2021-01-20 09:00:00 | Account    |
|         8 | Geetika    | Chauhan   |  90000 | 2021-04-11 09:00:00 | Admin      |
+-----------+------------+-----------+--------+---------------------+------------+
8 rows in set (0.00 sec)
mysql>  SELECT DEPARTMENT, sum(Salary) from worker group by DEPARTMENT;
+------------+-------------+
| DEPARTMENT | sum(Salary) |
+------------+-------------+
| HR         |      400000 |
| Admin      |     1170000 |
| Account    |      275000 |
+------------+-------------+
3 rows in set (0.00 sec)

mysql> select department, sum(salary) as total from Worker group by department order by total desc;
+------------+---------+
| department | total   |
+------------+---------+
| Admin      | 1170000 |
| HR         |  400000 |
| Account    |  275000 |
+------------+---------+
3 rows in set (0.00 sec)

..........................................................................................
..........................................................................................
Question-50. Write an SQL query to fetch the names of workers who earn the highest salary.
..........................................................................................
..........................................................................................

mysql> SELECT * FROM Worker;
+-----------+------------+-----------+--------+---------------------+------------+
| WORKER_ID | FIRST_NAME | LAST_NAME | SALARY | JOINING_DATE        | DEPARTMENT |
+-----------+------------+-----------+--------+---------------------+------------+
|         1 | Monika     | Arora     | 100000 | 2021-02-20 09:00:00 | HR         |
|         2 | Niharika   | Verma     |  80000 | 2021-06-11 09:00:00 | Admin      |
|         3 | Vishal     | Singhal   | 300000 | 2021-02-20 09:00:00 | HR         |
|         4 | Amitabh    | Singh     | 500000 | 2021-02-20 09:00:00 | Admin      |
|         5 | Vivek      | Bhati     | 500000 | 2021-06-11 09:00:00 | Admin      |
|         6 | Vipul      | Diwan     | 200000 | 2021-06-11 09:00:00 | Account    |
|         7 | Satish     | Kumar     |  75000 | 2021-01-20 09:00:00 | Account    |
|         8 | Geetika    | Chauhan   |  90000 | 2021-04-11 09:00:00 | Admin      |
+-----------+------------+-----------+--------+---------------------+------------+
8 rows in set (0.00 sec)

mysql> SELECT FIRST_NAME, SALARY from Worker WHERE SALARY=(SELECT max(SALARY) from Worker);
+------------+--------+
| FIRST_NAME | SALARY |
+------------+--------+
| Amitabh    | 500000 |
| Vivek      | 500000 |
+------------+--------+
2 rows in set (0.00 sec)

mysql> select * from Worker where salary in (select max(salary) from worker);
+-----------+------------+-----------+--------+---------------------+------------+
| WORKER_ID | FIRST_NAME | LAST_NAME | SALARY | JOINING_DATE        | DEPARTMENT |
+-----------+------------+-----------+--------+---------------------+------------+
|         4 | Amitabh    | Singh     | 500000 | 2021-02-20 09:00:00 | Admin      |
|         5 | Vivek      | Bhati     | 500000 | 2021-06-11 09:00:00 | Admin      |
+-----------+------------+-----------+--------+---------------------+------------+
2 rows in set (0.00 sec)





















































  